date,regime,picks,wins,losses,holds,no_data,acceptance_mode,eligible_count,breadth_above_sma20,input_mode,bundle_id,bundle_composite_sha256,pit_grade
2021-08-12,bear,0,0,0,0,0,regime_filtered,0,,live,,,
2021-08-13,bear,0,0,0,0,0,regime_filtered,0,,live,,,
2021-08-16,bear,0,0,0,0,0,regime_filtered,0,,live,,,
2021-08-17,bear,0,0,0,0,0,regime_filtered,0,,live,,,
2021-08-18,bear,0,0,0,0,0,regime_filtered,0,,live,,,
2021-08-19,bear,0,0,0,0,0,regime_filtered,0,,live,,,
2021-08-20,bear,0,0,0,0,0,regime_filtered,0,,live,,,
2021-08-23,bear,0,0,0,0,0,regime_filtered,0,,live,,,
2021-08-24,bear,0,0,0,0,0,regime_filtered,0,,live,,,
2021-08-25,bear,0,0,0,0,0,regime_filtered,0,,live,,,
2021-08-26,bear,0,0,0,0,0,regime_filtered,0,,live,,,
2021-08-27,bear,0,0,0,0,0,regime_filtered,0,,live,,,
2021-08-30,bear,0,0,0,0,0,regime_filtered,0,,live,,,
2021-08-31,bear,0,0,0,0,0,regime_filtered,0,,live,,,
2021-09-01,bear,0,0,0,0,0,regime_filtered,0,,live,,,
2021-09-02,bear,0,0,0,0,0,regime_filtered,0,,live,,,
2021-09-03,bear,0,0,0,0,0,regime_filtered,0,,live,,,
2021-09-06,bear,0,0,0,0,0,regime_filtered,0,,live,,,
2021-09-07,choppy,0,0,0,0,0,regime_filtered,0,,live,,,
2021-09-08,choppy,0,0,0,0,0,regime_filtered,0,,live,,,
2021-09-09,choppy,0,0,0,0,0,regime_filtered,0,,live,,,
2021-09-10,choppy,0,0,0,0,0,regime_filtered,0,,live,,,
2021-09-13,choppy,0,0,0,0,0,regime_filtered,0,,live,,,
2021-09-14,bear,0,0,0,0,0,regime_filtered,0,,live,,,
2021-09-15,bear,0,0,0,0,0,regime_filtered,0,,live,,,
2021-09-16,bear,0,0,0,0,0,regime_filtered,0,,live,,,
2021-09-17,bear,0,0,0,0,0,regime_filtered,0,,live,,,
2021-09-22,bear,0,0,0,0,0,regime_filtered,0,,live,,,
2021-09-23,bear,0,0,0,0,0,regime_filtered,0,,live,,,
2021-09-24,bear,0,0,0,0,0,regime_filtered,0,,live,,,
2021-09-27,bear,0,0,0,0,0,regime_filtered,0,,live,,,
2021-09-28,bear,0,0,0,0,0,regime_filtered,0,,live,,,
2021-09-29,bear,0,0,0,0,0,regime_filtered,0,,live,,,
2021-09-30,bear,0,0,0,0,0,regime_filtered,0,,live,,,
2021-10-08,choppy,0,0,0,0,0,regime_filtered,0,,live,,,
2021-10-11,bull,2,0,2,0,0,selective,13,0.3182,live,,,
2021-10-12,bear,0,0,0,0,0,regime_filtered,0,,live,,,
2021-10-13,bull,2,0,2,0,0,selective,7,0.2911,live,,,
2021-10-14,bull,2,0,0,2,0,selective,8,0.2934,live,,,
2021-10-15,choppy,0,0,0,0,0,regime_filtered,0,,live,,,
2021-10-18,bear,0,0,0,0,0,regime_filtered,0,,live,,,
2021-10-19,choppy,0,0,0,0,0,regime_filtered,0,,live,,,
2021-10-20,choppy,0,0,0,0,0,regime_filtered,0,,live,,,
2021-10-21,choppy,0,0,0,0,0,regime_filtered,0,,live,,,
2021-10-22,choppy,0,0,0,0,0,regime_filtered,0,,live,,,
2021-10-25,choppy,0,0,0,0,0,regime_filtered,0,,live,,,
2021-10-26,bull,2,1,1,0,0,full,24,0.4135,live,,,
2021-10-27,bear,0,0,0,0,0,regime_filtered,0,,live,,,
2021-10-28,bear,0,0,0,0,0,regime_filtered,0,,live,,,
2021-10-29,choppy,0,0,0,0,0,regime_filtered,0,,live,,,
2021-11-01,bear,0,0,0,0,0,regime_filtered,0,,live,,,
2021-11-02,bear,0,0,0,0,0,regime_filtered,0,,live,,,
2021-11-03,bear,0,0,0,0,0,regime_filtered,0,,live,,,
2021-11-04,bear,0,0,0,0,0,regime_filtered,0,,live,,,
2021-11-05,bear,0,0,0,0,0,regime_filtered,0,,live,,,
2021-11-08,bear,0,0,0,0,0,regime_filtered,0,,live,,,
2021-11-09,bear,0,0,0,0,0,regime_filtered,0,,live,,,
2021-11-10,bear,0,0,0,0,0,regime_filtered,0,,live,,,
2021-11-11,bull,2,1,1,0,0,full,24,0.5755,live,,,
2021-11-12,bear,0,0,0,0,0,regime_filtered,0,,live,,,
2021-11-15,bear,0,0,0,0,0,regime_filtered,0,,live,,,
2021-11-16,bear,0,0,0,0,0,regime_filtered,0,,live,,,
2021-11-17,bear,0,0,0,0,0,regime_filtered,0,,live,,,
2021-11-18,bear,0,0,0,0,0,regime_filtered,0,,live,,,
2021-11-19,bear,0,0,0,0,0,regime_filtered,0,,live,,,
2021-11-22,choppy,0,0,0,0,0,regime_filtered,0,,live,,,
2021-11-23,choppy,0,0,0,0,0,regime_filtered,0,,live,,,
2021-11-24,choppy,0,0,0,0,0,regime_filtered,0,,live,,,
2021-11-25,choppy,0,0,0,0,0,regime_filtered,0,,live,,,
2021-11-26,bear,0,0,0,0,0,regime_filtered,0,,live,,,
2021-11-29,bear,0,0,0,0,0,regime_filtered,0,,live,,,
2021-11-30,bear,0,0,0,0,0,regime_filtered,0,,live,,,
2021-12-01,bear,0,0,0,0,0,regime_filtered,0,,live,,,
2021-12-02,bear,0,0,0,0,0,regime_filtered,0,,live,,,
2021-12-03,choppy,0,0,0,0,0,regime_filtered,0,,live,,,
2021-12-06,choppy,0,0,0,0,0,regime_filtered,0,,live,,,
2021-12-07,choppy,0,0,0,0,0,regime_filtered,0,,live,,,
2021-12-08,choppy,0,0,0,0,0,regime_filtered,0,,live,,,
2021-12-09,bull,2,0,1,1,0,full,24,0.6196,live,,,
2021-12-10,bull,2,0,1,1,0,full,27,0.6152,live,,,
2021-12-13,bull,2,0,2,0,0,full,26,0.6474,live,,,
2021-12-14,bull,2,0,2,0,0,full,27,0.5848,live,,,
2021-12-15,bull,2,0,1,1,0,full,26,0.5507,live,,,
2021-12-16,bull,2,0,2,0,0,full,28,0.5993,live,,,
2021-12-17,bull,2,0,1,1,0,full,24,0.5027,live,,,
2021-12-20,bear,0,0,0,0,0,regime_filtered,0,,live,,,
2021-12-21,choppy,0,0,0,0,0,regime_filtered,0,,live,,,
2021-12-22,choppy,0,0,0,0,0,regime_filtered,0,,live,,,
2021-12-23,bull,2,2,0,0,0,full,24,0.5418,live,,,
2021-12-24,choppy,0,0,0,0,0,regime_filtered,0,,live,,,
2021-12-27,choppy,0,0,0,0,0,regime_filtered,0,,live,,,
2021-12-28,choppy,0,0,0,0,0,regime_filtered,0,,live,,,
2021-12-29,bear,0,0,0,0,0,regime_filtered,0,,live,,,
2021-12-30,choppy,0,0,0,0,0,regime_filtered,0,,live,,,
2021-12-31,choppy,0,0,0,0,0,regime_filtered,0,,live,,,
2022-01-04,choppy,0,0,0,0,0,regime_filtered,0,,live,,,
2022-01-05,bear,0,0,0,0,0,regime_filtered,0,,live,,,
2022-01-06,bear,0,0,0,0,0,regime_filtered,0,,live,,,
2022-01-07,bear,0,0,0,0,0,regime_filtered,0,,live,,,
2022-01-10,bear,0,0,0,0,0,regime_filtered,0,,live,,,
2022-01-11,bear,0,0,0,0,0,regime_filtered,0,,live,,,
2022-01-12,bear,0,0,0,0,0,regime_filtered,0,,live,,,
2022-01-13,bear,0,0,0,0,0,regime_filtered,0,,live,,,
2022-01-14,bear,0,0,0,0,0,regime_filtered,0,,live,,,
2022-01-17,bear,0,0,0,0,0,regime_filtered,0,,live,,,
2022-01-18,bear,0,0,0,0,0,regime_filtered,0,,live,,,
2022-01-19,bear,0,0,0,0,0,regime_filtered,0,,live,,,
2022-01-20,bear,0,0,0,0,0,regime_filtered,0,,live,,,
2022-01-21,bear,0,0,0,0,0,regime_filtered,0,,live,,,
2022-01-24,bear,0,0,0,0,0,regime_filtered,0,,live,,,
2022-01-25,bear,0,0,0,0,0,regime_filtered,0,,live,,,
2022-01-26,bear,0,0,0,0,0,regime_filtered,0,,live,,,
2022-01-27,bear,0,0,0,0,0,regime_filtered,0,,live,,,
2022-01-28,bear,0,0,0,0,0,regime_filtered,0,,live,,,
2022-02-07,bear,0,0,0,0,0,regime_filtered,0,,live,,,
2022-02-08,bear,0,0,0,0,0,regime_filtered,0,,live,,,
2022-02-09,bear,0,0,0,0,0,regime_filtered,0,,live,,,
2022-02-10,bear,0,0,0,0,0,regime_filtered,0,,live,,,
2022-02-11,bear,0,0,0,0,0,regime_filtered,0,,live,,,
2022-02-14,bear,0,0,0,0,0,regime_filtered,0,,live,,,
2022-02-15,bear,0,0,0,0,0,regime_filtered,0,,live,,,
2022-02-16,bear,0,0,0,0,0,regime_filtered,0,,live,,,
2022-02-17,bear,0,0,0,0,0,regime_filtered,0,,live,,,
2022-02-18,bear,0,0,0,0,0,regime_filtered,0,,live,,,
2022-02-21,bear,0,0,0,0,0,regime_filtered,0,,live,,,
2022-02-22,bear,0,0,0,0,0,regime_filtered,0,,live,,,
2022-02-23,bear,0,0,0,0,0,regime_filtered,0,,live,,,
2022-02-24,bear,0,0,0,0,0,regime_filtered,0,,live,,,
2022-02-25,bear,0,0,0,0,0,regime_filtered,0,,live,,,
2022-02-28,bear,0,0,0,0,0,regime_filtered,0,,live,,,
2022-03-01,bear,0,0,0,0,0,regime_filtered,0,,live,,,
2022-03-02,bear,0,0,0,0,0,regime_filtered,0,,live,,,
2022-03-03,bear,0,0,0,0,0,regime_filtered,0,,live,,,
2022-03-04,bear,0,0,0,0,0,regime_filtered,0,,live,,,
2022-03-07,bear,0,0,0,0,0,regime_filtered,0,,live,,,
2022-03-08,bear,0,0,0,0,0,regime_filtered,0,,live,,,
2022-03-09,bear,0,0,0,0,0,regime_filtered,0,,live,,,
2022-03-10,bear,0,0,0,0,0,regime_filtered,0,,live,,,
2022-03-11,bear,0,0,0,0,0,regime_filtered,0,,live,,,
2022-03-14,bear,0,0,0,0,0,regime_filtered,0,,live,,,
2022-03-15,bear,0,0,0,0,0,regime_filtered,0,,live,,,
2022-03-16,bear,0,0,0,0,0,regime_filtered,0,,live,,,
2022-03-17,bear,0,0,0,0,0,regime_filtered,0,,live,,,
2022-03-18,bear,0,0,0,0,0,regime_filtered,0,,live,,,
2022-03-21,bear,0,0,0,0,0,regime_filtered,0,,live,,,
2022-03-22,bear,0,0,0,0,0,regime_filtered,0,,live,,,
2022-03-23,bear,0,0,0,0,0,regime_filtered,0,,live,,,
2022-03-24,bear,0,0,0,0,0,regime_filtered,0,,live,,,
2022-03-25,bear,0,0,0,0,0,regime_filtered,0,,live,,,
2022-03-28,bear,0,0,0,0,0,regime_filtered,0,,live,,,
2022-03-29,bear,0,0,0,0,0,regime_filtered,0,,live,,,
2022-03-30,bear,0,0,0,0,0,regime_filtered,0,,live,,,
2022-03-31,bear,0,0,0,0,0,regime_filtered,0,,live,,,
2022-04-01,bear,0,0,0,0,0,regime_filtered,0,,live,,,
2022-04-06,bear,0,0,0,0,0,regime_filtered,0,,live,,,
2022-04-07,bear,0,0,0,0,0,regime_filtered,0,,live,,,
2022-04-08,bear,0,0,0,0,0,regime_filtered,0,,live,,,
2022-04-11,bear,0,0,0,0,0,regime_filtered,0,,live,,,
2022-04-12,bear,0,0,0,0,0,regime_filtered,0,,live,,,
2022-04-13,bear,0,0,0,0,0,regime_filtered,0,,live,,,
2022-04-14,bear,0,0,0,0,0,regime_filtered,0,,live,,,
2022-04-15,bear,0,0,0,0,0,regime_filtered,0,,live,,,
2022-04-18,bear,0,0,0,0,0,regime_filtered,0,,live,,,
2022-04-19,bear,0,0,0,0,0,regime_filtered,0,,live,,,
2022-04-20,bear,0,0,0,0,0,regime_filtered,0,,live,,,
2022-04-21,bear,0,0,0,0,0,regime_filtered,0,,live,,,
2022-04-22,bear,0,0,0,0,0,regime_filtered,0,,live,,,
2022-04-25,bear,0,0,0,0,0,regime_filtered,0,,live,,,
2022-04-26,bear,0,0,0,0,0,regime_filtered,0,,live,,,
2022-04-27,bear,0,0,0,0,0,regime_filtered,0,,live,,,
2022-04-28,bear,0,0,0,0,0,regime_filtered,0,,live,,,
2022-04-29,bear,0,0,0,0,0,regime_filtered,0,,live,,,
2022-05-05,bear,0,0,0,0,0,regime_filtered,0,,live,,,
2022-05-06,bear,0,0,0,0,0,regime_filtered,0,,live,,,
2022-05-09,bear,0,0,0,0,0,regime_filtered,0,,live,,,
2022-05-10,bear,0,0,0,0,0,regime_filtered,0,,live,,,
2022-05-11,bear,0,0,0,0,0,regime_filtered,0,,live,,,
2022-05-12,bear,0,0,0,0,0,regime_filtered,0,,live,,,
2022-05-13,bear,0,0,0,0,0,regime_filtered,0,,live,,,
2022-05-16,bear,0,0,0,0,0,regime_filtered,0,,live,,,
2022-05-17,bear,0,0,0,0,0,regime_filtered,0,,live,,,
2022-05-18,bear,0,0,0,0,0,regime_filtered,0,,live,,,
2022-05-19,bear,0,0,0,0,0,regime_filtered,0,,live,,,
2022-05-20,bear,0,0,0,0,0,regime_filtered,0,,live,,,
2022-05-23,bear,0,0,0,0,0,regime_filtered,0,,live,,,
2022-05-24,bear,0,0,0,0,0,regime_filtered,0,,live,,,
2022-05-25,bear,0,0,0,0,0,regime_filtered,0,,live,,,
2022-05-26,bear,0,0,0,0,0,regime_filtered,0,,live,,,
2022-05-27,bear,0,0,0,0,0,regime_filtered,0,,live,,,
2022-05-30,bear,0,0,0,0,0,regime_filtered,0,,live,,,
2022-05-31,choppy,0,0,0,0,0,regime_filtered,0,,live,,,
2022-06-01,choppy,0,0,0,0,0,regime_filtered,0,,live,,,
2022-06-02,choppy,0,0,0,0,0,regime_filtered,0,,live,,,
2022-06-06,choppy,0,0,0,0,0,regime_filtered,0,,live,,,
2022-06-07,choppy,0,0,0,0,0,regime_filtered,0,,live,,,
2022-06-08,choppy,0,0,0,0,0,regime_filtered,0,,live,,,
2022-06-09,choppy,0,0,0,0,0,regime_filtered,0,,live,,,
2022-06-10,choppy,0,0,0,0,0,regime_filtered,0,,live,,,
2022-06-13,bull,2,1,0,1,0,full,18,0.796,live,,,
2022-06-14,bull,2,1,1,0,0,full,19,0.7778,live,,,
2022-06-15,bull,2,0,1,1,0,full,21,0.8038,live,,,
2022-06-16,bull,2,1,1,0,0,full,20,0.7979,live,,,
2022-06-17,bull,2,0,1,1,0,full,13,0.7933,live,,,
2022-06-20,bull,2,0,2,0,0,full,18,0.8151,live,,,
2022-06-21,bull,2,0,0,2,0,full,18,0.7673,live,,,
2022-06-22,bull,2,1,0,1,0,full,19,0.5921,live,,,
2022-06-23,bull,2,2,0,0,0,full,15,0.7139,live,,,
2022-06-24,bull,2,1,0,1,0,full,15,0.7471,live,,,
2022-06-27,bull,2,1,1,0,0,full,21,0.7594,live,,,
2022-06-28,bull,2,2,0,0,0,full,17,0.8107,live,,,
2022-06-29,bull,2,1,0,1,0,full,20,0.6777,live,,,
2022-06-30,bull,2,1,0,1,0,full,16,0.6971,live,,,
2022-07-01,bull,2,0,1,1,0,full,23,0.6449,live,,,
2022-07-04,bull,2,1,1,0,0,full,20,0.6885,live,,,
2022-07-05,bull,2,0,2,0,0,full,28,0.6239,live,,,
2022-07-06,bull,2,0,1,1,0,full,29,0.5018,live,,,
2022-07-07,bull,2,0,2,0,0,full,19,0.5162,live,,,
2022-07-08,bull,2,1,1,0,0,full,26,0.5003,live,,,
2022-07-11,choppy,0,0,0,0,0,regime_filtered,0,,live,,,
2022-07-12,choppy,0,0,0,0,0,regime_filtered,0,,live,,,
2022-07-13,choppy,0,0,0,0,0,regime_filtered,0,,live,,,
2022-07-14,choppy,0,0,0,0,0,regime_filtered,0,,live,,,
2022-07-15,choppy,0,0,0,0,0,regime_filtered,0,,live,,,
2022-07-18,choppy,0,0,0,0,0,regime_filtered,0,,live,,,
2022-07-19,choppy,0,0,0,0,0,regime_filtered,0,,live,,,
2022-07-20,choppy,0,0,0,0,0,regime_filtered,0,,live,,,
2022-07-21,choppy,0,0,0,0,0,regime_filtered,0,,live,,,
2022-07-22,choppy,0,0,0,0,0,regime_filtered,0,,live,,,
2022-07-25,bear,0,0,0,0,0,regime_filtered,0,,live,,,
2022-07-26,choppy,0,0,0,0,0,regime_filtered,0,,live,,,
2022-07-27,bear,0,0,0,0,0,regime_filtered,0,,live,,,
2022-07-28,bear,0,0,0,0,0,regime_filtered,0,,live,,,
2022-07-29,bear,0,0,0,0,0,regime_filtered,0,,live,,,
2022-08-01,bear,0,0,0,0,0,regime_filtered,0,,live,,,
2022-08-02,bear,0,0,0,0,0,regime_filtered,0,,live,,,
2022-08-03,bear,0,0,0,0,0,regime_filtered,0,,live,,,
2022-08-04,bear,0,0,0,0,0,regime_filtered,0,,live,,,
2022-08-05,bear,0,0,0,0,0,regime_filtered,0,,live,,,
2022-08-08,bear,0,0,0,0,0,regime_filtered,0,,live,,,
2022-08-09,bear,0,0,0,0,0,regime_filtered,0,,live,,,
2022-08-10,bear,0,0,0,0,0,regime_filtered,0,,live,,,
2022-08-11,bear,0,0,0,0,0,regime_filtered,0,,live,,,
2022-08-12,bear,0,0,0,0,0,regime_filtered,0,,live,,,
2022-08-15,bear,0,0,0,0,0,regime_filtered,0,,live,,,
2022-08-16,bear,0,0,0,0,0,regime_filtered,0,,live,,,
2022-08-17,bear,0,0,0,0,0,regime_filtered,0,,live,,,
2022-08-18,bear,0,0,0,0,0,regime_filtered,0,,live,,,
2022-08-19,bear,0,0,0,0,0,regime_filtered,0,,live,,,
2022-08-22,bear,0,0,0,0,0,regime_filtered,0,,live,,,
2022-08-23,bear,0,0,0,0,0,regime_filtered,0,,live,,,
2022-08-24,bear,0,0,0,0,0,regime_filtered,0,,live,,,
2022-08-25,bear,0,0,0,0,0,regime_filtered,0,,live,,,
2022-08-26,bear,0,0,0,0,0,regime_filtered,0,,live,,,
2022-08-29,bear,0,0,0,0,0,regime_filtered,0,,live,,,
2022-08-30,bear,0,0,0,0,0,regime_filtered,0,,live,,,
2022-08-31,bear,0,0,0,0,0,regime_filtered,0,,live,,,
2022-09-01,bear,0,0,0,0,0,regime_filtered,0,,live,,,
2022-09-02,bear,0,0,0,0,0,regime_filtered,0,,live,,,
2022-09-05,bear,0,0,0,0,0,regime_filtered,0,,live,,,
2022-09-06,bear,0,0,0,0,0,regime_filtered,0,,live,,,
2022-09-07,bear,0,0,0,0,0,regime_filtered,0,,live,,,
2022-09-08,bear,0,0,0,0,0,regime_filtered,0,,live,,,
2022-09-09,bear,0,0,0,0,0,regime_filtered,0,,live,,,
2022-09-13,bear,0,0,0,0,0,regime_filtered,0,,live,,,
2022-09-14,bear,0,0,0,0,0,regime_filtered,0,,live,,,
2022-09-15,bear,0,0,0,0,0,regime_filtered,0,,live,,,
2022-09-16,bear,0,0,0,0,0,regime_filtered,0,,live,,,
2022-09-19,bear,0,0,0,0,0,regime_filtered,0,,live,,,
2022-09-20,bear,0,0,0,0,0,regime_filtered,0,,live,,,
2022-09-21,bear,0,0,0,0,0,regime_filtered,0,,live,,,
2022-09-22,bear,0,0,0,0,0,regime_filtered,0,,live,,,
2022-09-23,bear,0,0,0,0,0,regime_filtered,0,,live,,,
2022-09-26,bear,0,0,0,0,0,regime_filtered,0,,live,,,
2022-09-27,bear,0,0,0,0,0,regime_filtered,0,,live,,,
2022-09-28,bear,0,0,0,0,0,regime_filtered,0,,live,,,
2022-09-29,bear,0,0,0,0,0,regime_filtered,0,,live,,,
2022-09-30,bear,0,0,0,0,0,regime_filtered,0,,live,,,
2022-10-10,bear,0,0,0,0,0,regime_filtered,0,,live,,,
2022-10-11,bear,0,0,0,0,0,regime_filtered,0,,live,,,
2022-10-12,bear,0,0,0,0,0,regime_filtered,0,,live,,,
2022-10-13,bear,0,0,0,0,0,regime_filtered,0,,live,,,
2022-10-14,bear,0,0,0,0,0,regime_filtered,0,,live,,,
2022-10-17,bear,0,0,0,0,0,regime_filtered,0,,live,,,
2022-10-18,bear,0,0,0,0,0,regime_filtered,0,,live,,,
2022-10-19,bear,0,0,0,0,0,regime_filtered,0,,live,,,
2022-10-20,bear,0,0,0,0,0,regime_filtered,0,,live,,,
2022-10-21,bear,0,0,0,0,0,regime_filtered,0,,live,,,
2022-10-24,bear,0,0,0,0,0,regime_filtered,0,,live,,,
2022-10-25,bear,0,0,0,0,0,regime_filtered,0,,live,,,
2022-10-26,bear,0,0,0,0,0,regime_filtered,0,,live,,,
2022-10-27,bear,0,0,0,0,0,regime_filtered,0,,live,,,
2022-10-28,bear,0,0,0,0,0,regime_filtered,0,,live,,,
2022-10-31,bear,0,0,0,0,0,regime_filtered,0,,live,,,
2022-11-01,bear,0,0,0,0,0,regime_filtered,0,,live,,,
2022-11-02,bear,0,0,0,0,0,regime_filtered,0,,live,,,
2022-11-03,bear,0,0,0,0,0,regime_filtered,0,,live,,,
2022-11-04,bear,0,0,0,0,0,regime_filtered,0,,live,,,
2022-11-07,bear,0,0,0,0,0,regime_filtered,0,,live,,,
2022-11-08,bear,0,0,0,0,0,regime_filtered,0,,live,,,
2022-11-09,bear,0,0,0,0,0,regime_filtered,0,,live,,,
2022-11-10,bear,0,0,0,0,0,regime_filtered,0,,live,,,
2022-11-11,bear,0,0,0,0,0,regime_filtered,0,,live,,,
2022-11-14,bear,0,0,0,0,0,regime_filtered,0,,live,,,
2022-11-15,choppy,0,0,0,0,0,regime_filtered,0,,live,,,
2022-11-16,choppy,0,0,0,0,0,regime_filtered,0,,live,,,
2022-11-17,bear,0,0,0,0,0,regime_filtered,0,,live,,,
2022-11-18,bear,0,0,0,0,0,regime_filtered,0,,live,,,
2022-11-21,bear,0,0,0,0,0,regime_filtered,0,,live,,,
2022-11-22,bear,0,0,0,0,0,regime_filtered,0,,live,,,
2022-11-23,bear,0,0,0,0,0,regime_filtered,0,,live,,,
2022-11-24,bear,0,0,0,0,0,regime_filtered,0,,live,,,
2022-11-25,bear,0,0,0,0,0,regime_filtered,0,,live,,,
2022-11-28,bear,0,0,0,0,0,regime_filtered,0,,live,,,
2022-11-29,choppy,0,0,0,0,0,regime_filtered,0,,live,,,
2022-11-30,choppy,0,0,0,0,0,regime_filtered,0,,live,,,
2022-12-01,bull,2,0,1,1,0,full,15,0.5768,live,,,
2022-12-02,bull,2,0,0,1,1,full,25,0.5917,live,,,
2022-12-05,bull,2,1,0,1,0,full,17,0.6571,live,,,
2022-12-06,bull,2,0,1,1,0,full,22,0.6634,live,,,
2022-12-07,bull,2,0,1,1,0,full,21,0.637,live,,,
2022-12-08,bull,2,0,1,1,0,full,23,0.5536,live,,,
2022-12-09,bull,2,0,2,0,0,full,17,0.5544,live,,,
2022-12-12,bull,2,0,0,1,1,full,26,0.4682,live,,,
2022-12-13,bull,2,0,1,1,0,full,22,0.4396,live,,,
2022-12-14,bull,2,0,1,1,0,full,18,0.415,live,,,
2022-12-15,bull,2,0,1,1,0,full,22,0.411,live,,,
2022-12-16,bull,2,0,2,0,0,full,21,0.3678,live,,,
2022-12-19,bull,2,0,0,2,0,full,24,0.2122,live,,,
2022-12-20,choppy,0,0,0,0,0,regime_filtered,0,,live,,,
2022-12-21,choppy,0,0,0,0,0,regime_filtered,0,,live,,,
2022-12-22,choppy,0,0,0,0,0,regime_filtered,0,,live,,,
2022-12-23,choppy,0,0,0,0,0,regime_filtered,0,,live,,,
2022-12-26,choppy,0,0,0,0,0,regime_filtered,0,,live,,,
2022-12-27,choppy,0,0,0,0,0,regime_filtered,0,,live,,,
2022-12-28,choppy,0,0,0,0,0,regime_filtered,0,,live,,,
2022-12-29,choppy,0,0,0,0,0,regime_filtered,0,,live,,,
2022-12-30,choppy,0,0,0,0,0,regime_filtered,0,,live,,,
2023-01-03,choppy,0,0,0,0,0,regime_filtered,0,,live,,,
2023-01-04,choppy,0,0,0,0,0,regime_filtered,0,,live,,,
2023-01-05,bull,2,0,0,2,0,full,12,0.5316,live,,,
2023-01-06,bull,2,1,0,1,0,full,18,0.558,live,,,
2023-01-09,bull,2,1,0,1,0,full,16,0.6348,live,,,
2023-01-10,bull,2,0,0,2,0,full,19,0.6229,live,,,
2023-01-11,bull,2,0,1,1,0,full,23,0.5631,live,,,
2023-01-12,bull,2,1,1,0,0,full,25,0.591,live,,,
2023-01-13,bull,2,0,1,1,0,full,23,0.6752,live,,,
2023-01-16,bull,2,2,0,0,0,full,16,0.8083,live,,,
2023-01-17,bull,2,0,2,0,0,full,26,0.8094,live,,,
2023-01-18,bull,2,0,2,0,0,full,23,0.8191,live,,,
2023-01-19,bull,2,0,1,1,0,full,17,0.8322,live,,,
2023-01-20,bull,2,0,0,0,2,full,17,0.88,live,,,
2023-01-30,bull,2,1,1,0,0,full,25,0.8783,live,,,
2023-01-31,bull,2,0,1,1,0,full,23,0.8595,live,,,
2023-02-01,bull,2,1,0,1,0,full,17,0.8761,live,,,
2023-02-02,bull,2,0,1,1,0,full,26,0.8812,live,,,
2023-02-03,bull,2,0,1,1,0,full,26,0.8357,live,,,
2023-02-06,bull,2,1,1,0,0,full,29,0.7771,live,,,
2023-02-07,bull,2,1,0,1,0,full,23,0.7629,live,,,
2023-02-08,choppy,0,0,0,0,0,regime_filtered,0,,live,,,
2023-02-09,bull,2,0,2,0,0,full,17,0.7831,live,,,
2023-02-10,choppy,0,0,0,0,0,regime_filtered,0,,live,,,
2023-02-13,bull,2,0,2,0,0,full,23,0.7906,live,,,
2023-02-14,bull,2,1,1,0,0,full,30,0.7911,live,,,
2023-02-15,choppy,0,0,0,0,0,regime_filtered,0,,live,,,
2023-02-16,choppy,0,0,0,0,0,regime_filtered,0,,live,,,
2023-02-17,choppy,0,0,0,0,0,regime_filtered,0,,live,,,
2023-02-20,bull,2,0,0,2,0,full,24,0.5766,live,,,
2023-02-21,bull,2,0,1,1,0,full,27,0.6056,live,,,
2023-02-22,choppy,0,0,0,0,0,regime_filtered,0,,live,,,
2023-02-23,choppy,0,0,0,0,0,regime_filtered,0,,live,,,
2023-02-24,choppy,0,0,0,0,0,regime_filtered,0,,live,,,
2023-02-27,choppy,0,0,0,0,0,regime_filtered,0,,live,,,
2023-02-28,choppy,0,0,0,0,0,regime_filtered,0,,live,,,
2023-03-01,bull,2,0,1,1,0,full,30,0.5712,live,,,
2023-03-02,bull,2,0,2,0,0,full,30,0.5434,live,,,
2023-03-03,bull,2,0,2,0,0,full,38,0.549,live,,,
2023-03-06,bull,2,0,1,1,0,full,33,0.536,live,,,
2023-03-07,choppy,0,0,0,0,0,regime_filtered,0,,live,,,
2023-03-08,bear,0,0,0,0,0,regime_filtered,0,,live,,,
2023-03-09,bear,0,0,0,0,0,regime_filtered,0,,live,,,
2023-03-10,bear,0,0,0,0,0,regime_filtered,0,,live,,,
2023-03-13,bear,0,0,0,0,0,regime_filtered,0,,live,,,
2023-03-14,bear,0,0,0,0,0,regime_filtered,0,,live,,,
2023-03-15,bear,0,0,0,0,0,regime_filtered,0,,live,,,
2023-03-16,bear,0,0,0,0,0,regime_filtered,0,,live,,,
2023-03-17,bear,0,0,0,0,0,regime_filtered,0,,live,,,
2023-03-20,bear,0,0,0,0,0,regime_filtered,0,,live,,,
2023-03-21,bear,0,0,0,0,0,regime_filtered,0,,live,,,
2023-03-22,bear,0,0,0,0,0,regime_filtered,0,,live,,,
2023-03-23,bear,0,0,0,0,0,regime_filtered,0,,live,,,
2023-03-24,bear,0,0,0,0,0,regime_filtered,0,,live,,,
2023-03-27,bear,0,0,0,0,0,regime_filtered,0,,live,,,
2023-03-28,bear,0,0,0,0,0,regime_filtered,0,,live,,,
2023-03-29,bear,0,0,0,0,0,regime_filtered,0,,live,,,
2023-03-30,bear,0,0,0,0,0,regime_filtered,0,,live,,,
2023-03-31,bear,0,0,0,0,0,regime_filtered,0,,live,,,
2023-04-03,choppy,0,0,0,0,0,regime_filtered,0,,live,,,
2023-04-04,choppy,0,0,0,0,0,regime_filtered,0,,live,,,
2023-04-06,choppy,0,0,0,0,0,regime_filtered,0,,live,,,
2023-04-07,choppy,0,0,0,0,0,regime_filtered,0,,live,,,
2023-04-10,choppy,0,0,0,0,0,regime_filtered,0,,live,,,
2023-04-11,choppy,0,0,0,0,0,regime_filtered,0,,live,,,
2023-04-12,choppy,0,0,0,0,0,regime_filtered,0,,live,,,
2023-04-13,choppy,0,0,0,0,0,regime_filtered,0,,live,,,
2023-04-14,choppy,0,0,0,0,0,regime_filtered,0,,live,,,
2023-04-17,choppy,0,0,0,0,0,regime_filtered,0,,live,,,
2023-04-18,bull,2,1,1,0,0,full,26,0.5828,live,,,
2023-04-19,bull,2,1,1,0,0,full,28,0.5039,live,,,
2023-04-20,bull,2,0,1,1,0,full,22,0.4609,live,,,
2023-04-21,bear,0,0,0,0,0,regime_filtered,0,,live,,,
2023-04-24,bear,0,0,0,0,0,regime_filtered,0,,live,,,
2023-04-25,bear,0,0,0,0,0,regime_filtered,0,,live,,,
2023-04-26,bear,0,0,0,0,0,regime_filtered,0,,live,,,
2023-04-27,bear,0,0,0,0,0,regime_filtered,0,,live,,,
2023-04-28,bear,0,0,0,0,0,regime_filtered,0,,live,,,
2023-05-04,bear,0,0,0,0,0,regime_filtered,0,,live,,,
2023-05-05,bear,0,0,0,0,0,regime_filtered,0,,live,,,
2023-05-08,choppy,0,0,0,0,0,regime_filtered,0,,live,,,
2023-05-09,bear,0,0,0,0,0,regime_filtered,0,,live,,,
2023-05-10,bear,0,0,0,0,0,regime_filtered,0,,live,,,
2023-05-11,bear,0,0,0,0,0,regime_filtered,0,,live,,,
2023-05-12,bear,0,0,0,0,0,regime_filtered,0,,live,,,
2023-05-15,bear,0,0,0,0,0,regime_filtered,0,,live,,,
2023-05-16,bear,0,0,0,0,0,regime_filtered,0,,live,,,
2023-05-17,bear,0,0,0,0,0,regime_filtered,0,,live,,,
2023-05-18,bear,0,0,0,0,0,regime_filtered,0,,live,,,
2023-05-19,bear,0,0,0,0,0,regime_filtered,0,,live,,,
2023-05-22,bear,0,0,0,0,0,regime_filtered,0,,live,,,
2023-05-23,bear,0,0,0,0,0,regime_filtered,0,,live,,,
2023-05-24,bear,0,0,0,0,0,regime_filtered,0,,live,,,
2023-05-25,bear,0,0,0,0,0,regime_filtered,0,,live,,,
2023-05-26,bear,0,0,0,0,0,regime_filtered,0,,live,,,
2023-05-29,bear,0,0,0,0,0,regime_filtered,0,,live,,,
2023-05-30,bear,0,0,0,0,0,regime_filtered,0,,live,,,
2023-05-31,bear,0,0,0,0,0,regime_filtered,0,,live,,,
2023-06-01,bear,0,0,0,0,0,regime_filtered,0,,live,,,
2023-06-02,bear,0,0,0,0,0,regime_filtered,0,,live,,,
2023-06-05,bear,0,0,0,0,0,regime_filtered,0,,live,,,
2023-06-06,bear,0,0,0,0,0,regime_filtered,0,,live,,,
2023-06-07,bear,0,0,0,0,0,regime_filtered,0,,live,,,
2023-06-08,bear,0,0,0,0,0,regime_filtered,0,,live,,,
2023-06-09,bear,0,0,0,0,0,regime_filtered,0,,live,,,
2023-06-12,bear,0,0,0,0,0,regime_filtered,0,,live,,,
2023-06-13,bear,0,0,0,0,0,regime_filtered,0,,live,,,
2023-06-14,bear,0,0,0,0,0,regime_filtered,0,,live,,,
2023-06-15,bear,0,0,0,0,0,regime_filtered,0,,live,,,
2023-06-16,bear,0,0,0,0,0,regime_filtered,0,,live,,,
2023-06-19,bear,0,0,0,0,0,regime_filtered,0,,live,,,
2023-06-20,bear,0,0,0,0,0,regime_filtered,0,,live,,,
2023-06-21,bear,0,0,0,0,0,regime_filtered,0,,live,,,
2023-06-26,bear,0,0,0,0,0,regime_filtered,0,,live,,,
2023-06-27,bear,0,0,0,0,0,regime_filtered,0,,live,,,
2023-06-28,bear,0,0,0,0,0,regime_filtered,0,,live,,,
2023-06-29,bear,0,0,0,0,0,regime_filtered,0,,live,,,
2023-06-30,bear,0,0,0,0,0,regime_filtered,0,,live,,,
2023-07-03,bear,0,0,0,0,0,regime_filtered,0,,live,,,
2023-07-04,bear,0,0,0,0,0,regime_filtered,0,,live,,,
2023-07-05,bear,0,0,0,0,0,regime_filtered,0,,live,,,
2023-07-06,bear,0,0,0,0,0,regime_filtered,0,,live,,,
2023-07-07,bear,0,0,0,0,0,regime_filtered,0,,live,,,
2023-07-10,bear,0,0,0,0,0,regime_filtered,0,,live,,,
2023-07-11,bear,0,0,0,0,0,regime_filtered,0,,live,,,
2023-07-12,bear,0,0,0,0,0,regime_filtered,0,,live,,,
2023-07-13,choppy,0,0,0,0,0,regime_filtered,0,,live,,,
2023-07-14,choppy,0,0,0,0,0,regime_filtered,0,,live,,,
2023-07-17,bear,0,0,0,0,0,regime_filtered,0,,live,,,
2023-07-18,bear,0,0,0,0,0,regime_filtered,0,,live,,,
2023-07-19,bear,0,0,0,0,0,regime_filtered,0,,live,,,
2023-07-20,bear,0,0,0,0,0,regime_filtered,0,,live,,,
2023-07-21,bear,0,0,0,0,0,regime_filtered,0,,live,,,
2023-07-24,bear,0,0,0,0,0,regime_filtered,0,,live,,,
2023-07-25,choppy,0,0,0,0,0,regime_filtered,0,,live,,,
2023-07-26,choppy,0,0,0,0,0,regime_filtered,0,,live,,,
2023-07-27,choppy,0,0,0,0,0,regime_filtered,0,,live,,,
2023-07-28,bull,2,0,1,1,0,full,6,0.5301,live,,,
2023-07-31,bull,2,1,0,1,0,full,10,0.5797,live,,,
2023-08-01,bull,2,1,1,0,0,full,12,0.5752,live,,,
2023-08-02,bull,2,0,1,0,1,full,16,0.554,live,,,
2023-08-03,bull,2,0,2,0,0,full,15,0.5562,live,,,
2023-08-04,bull,2,0,2,0,0,full,19,0.576,live,,,
2023-08-07,bull,2,0,2,0,0,full,16,0.5245,live,,,
2023-08-08,bull,2,0,2,0,0,full,21,0.4942,live,,,
2023-08-09,bull,2,0,2,0,0,full,18,0.4144,live,,,
2023-08-10,bull,2,0,1,1,0,full,15,0.4456,live,,,
2023-08-11,bear,0,0,0,0,0,regime_filtered,0,,live,,,
2023-08-14,bear,0,0,0,0,0,regime_filtered,0,,live,,,
2023-08-15,bear,0,0,0,0,0,regime_filtered,0,,live,,,
2023-08-16,bear,0,0,0,0,0,regime_filtered,0,,live,,,
2023-08-17,bear,0,0,0,0,0,regime_filtered,0,,live,,,
2023-08-18,bear,0,0,0,0,0,regime_filtered,0,,live,,,
2023-08-21,bear,0,0,0,0,0,regime_filtered,0,,live,,,
2023-08-22,bear,0,0,0,0,0,regime_filtered,0,,live,,,
2023-08-23,bear,0,0,0,0,0,regime_filtered,0,,live,,,
2023-08-24,bear,0,0,0,0,0,regime_filtered,0,,live,,,
2023-08-25,bear,0,0,0,0,0,regime_filtered,0,,live,,,
2023-08-28,bear,0,0,0,0,0,regime_filtered,0,,live,,,
2023-08-29,bear,0,0,0,0,0,regime_filtered,0,,live,,,
2023-08-30,bear,0,0,0,0,0,regime_filtered,0,,live,,,
2023-08-31,bear,0,0,0,0,0,regime_filtered,0,,live,,,
2023-09-01,bear,0,0,0,0,0,regime_filtered,0,,live,,,
2023-09-04,bear,0,0,0,0,0,regime_filtered,0,,live,,,
2023-09-05,bear,0,0,0,0,0,regime_filtered,0,,live,,,
2023-09-06,bear,0,0,0,0,0,regime_filtered,0,,live,,,
2023-09-07,bear,0,0,0,0,0,regime_filtered,0,,live,,,
2023-09-08,bear,0,0,0,0,0,regime_filtered,0,,live,,,
2023-09-11,bear,0,0,0,0,0,regime_filtered,0,,live,,,
2023-09-12,bear,0,0,0,0,0,regime_filtered,0,,live,,,
2023-09-13,bear,0,0,0,0,0,regime_filtered,0,,live,,,
2023-09-14,bear,0,0,0,0,0,regime_filtered,0,,live,,,
2023-09-15,bear,0,0,0,0,0,regime_filtered,0,,live,,,
2023-09-18,bear,0,0,0,0,0,regime_filtered,0,,live,,,
2023-09-19,bear,0,0,0,0,0,regime_filtered,0,,live,,,
2023-09-20,bear,0,0,0,0,0,regime_filtered,0,,live,,,
2023-09-21,bear,0,0,0,0,0,regime_filtered,0,,live,,,
2023-09-22,bear,0,0,0,0,0,regime_filtered,0,,live,,,
2023-09-25,bear,0,0,0,0,0,regime_filtered,0,,live,,,
2023-09-26,bear,0,0,0,0,0,regime_filtered,0,,live,,,
2023-09-27,bear,0,0,0,0,0,regime_filtered,0,,live,,,
2023-09-28,bear,0,0,0,0,0,regime_filtered,0,,live,,,
2023-10-09,bear,0,0,0,0,0,regime_filtered,0,,live,,,
2023-10-10,bear,0,0,0,0,0,regime_filtered,0,,live,,,
2023-10-11,bear,0,0,0,0,0,regime_filtered,0,,live,,,
2023-10-12,bear,0,0,0,0,0,regime_filtered,0,,live,,,
2023-10-13,bear,0,0,0,0,0,regime_filtered,0,,live,,,
2023-10-16,bear,0,0,0,0,0,regime_filtered,0,,live,,,
2023-10-17,bear,0,0,0,0,0,regime_filtered,0,,live,,,
2023-10-18,bear,0,0,0,0,0,regime_filtered,0,,live,,,
2023-10-19,bear,0,0,0,0,0,regime_filtered,0,,live,,,
2023-10-20,bear,0,0,0,0,0,regime_filtered,0,,live,,,
2023-10-23,bear,0,0,0,0,0,regime_filtered,0,,live,,,
2023-10-24,bear,0,0,0,0,0,regime_filtered,0,,live,,,
2023-10-25,bear,0,0,0,0,0,regime_filtered,0,,live,,,
2023-10-26,bear,0,0,0,0,0,regime_filtered,0,,live,,,
2023-10-27,bear,0,0,0,0,0,regime_filtered,0,,live,,,
2023-10-30,bear,0,0,0,0,0,regime_filtered,0,,live,,,
2023-10-31,bear,0,0,0,0,0,regime_filtered,0,,live,,,
2023-11-01,bear,0,0,0,0,0,regime_filtered,0,,live,,,
2023-11-02,bear,0,0,0,0,0,regime_filtered,0,,live,,,
2023-11-03,bear,0,0,0,0,0,regime_filtered,0,,live,,,
2023-11-06,bear,0,0,0,0,0,regime_filtered,0,,live,,,
2023-11-07,bear,0,0,0,0,0,regime_filtered,0,,live,,,
2023-11-08,bear,0,0,0,0,0,regime_filtered,0,,live,,,
2023-11-09,bear,0,0,0,0,0,regime_filtered,0,,live,,,
2023-11-10,bear,0,0,0,0,0,regime_filtered,0,,live,,,
2023-11-13,bear,0,0,0,0,0,regime_filtered,0,,live,,,
2023-11-14,bear,0,0,0,0,0,regime_filtered,0,,live,,,
2023-11-15,bear,0,0,0,0,0,regime_filtered,0,,live,,,
2023-11-16,bear,0,0,0,0,0,regime_filtered,0,,live,,,
2023-11-17,bear,0,0,0,0,0,regime_filtered,0,,live,,,
2023-11-20,bear,0,0,0,0,0,regime_filtered,0,,live,,,
2023-11-21,bear,0,0,0,0,0,regime_filtered,0,,live,,,
2023-11-22,bear,0,0,0,0,0,regime_filtered,0,,live,,,
2023-11-23,bear,0,0,0,0,0,regime_filtered,0,,live,,,
2023-11-24,bear,0,0,0,0,0,regime_filtered,0,,live,,,
2023-11-27,bear,0,0,0,0,0,regime_filtered,0,,live,,,
2023-11-28,bear,0,0,0,0,0,regime_filtered,0,,live,,,
2023-11-29,bear,0,0,0,0,0,regime_filtered,0,,live,,,
2023-11-30,bear,0,0,0,0,0,regime_filtered,0,,live,,,
2023-12-01,bear,0,0,0,0,0,regime_filtered,0,,live,,,
2023-12-04,bear,0,0,0,0,0,regime_filtered,0,,live,,,
2023-12-05,bear,0,0,0,0,0,regime_filtered,0,,live,,,
2023-12-06,bear,0,0,0,0,0,regime_filtered,0,,live,,,
2023-12-07,bear,0,0,0,0,0,regime_filtered,0,,live,,,
2023-12-08,bear,0,0,0,0,0,regime_filtered,0,,live,,,
2023-12-11,bear,0,0,0,0,0,regime_filtered,0,,live,,,
2023-12-12,bear,0,0,0,0,0,regime_filtered,0,,live,,,
2023-12-13,bear,0,0,0,0,0,regime_filtered,0,,live,,,
2023-12-14,bear,0,0,0,0,0,regime_filtered,0,,live,,,
2023-12-15,bear,0,0,0,0,0,regime_filtered,0,,live,,,
2023-12-18,bear,0,0,0,0,0,regime_filtered,0,,live,,,
2023-12-19,bear,0,0,0,0,0,regime_filtered,0,,live,,,
2023-12-20,bear,0,0,0,0,0,regime_filtered,0,,live,,,
2023-12-21,bear,0,0,0,0,0,regime_filtered,0,,live,,,
2023-12-22,bear,0,0,0,0,0,regime_filtered,0,,live,,,
2023-12-25,bear,0,0,0,0,0,regime_filtered,0,,live,,,
2023-12-26,bear,0,0,0,0,0,regime_filtered,0,,live,,,
2023-12-27,bear,0,0,0,0,0,regime_filtered,0,,live,,,
2023-12-28,bear,0,0,0,0,0,regime_filtered,0,,live,,,
2023-12-29,bear,0,0,0,0,0,regime_filtered,0,,live,,,
2024-01-02,bear,0,0,0,0,0,regime_filtered,0,,live,,,
2024-01-03,bear,0,0,0,0,0,regime_filtered,0,,live,,,
2024-01-04,bear,0,0,0,0,0,regime_filtered,0,,live,,,
2024-01-05,bear,0,0,0,0,0,regime_filtered,0,,live,,,
2024-01-08,bear,0,0,0,0,0,regime_filtered,0,,live,,,
2024-01-09,bear,0,0,0,0,0,regime_filtered,0,,live,,,
2024-01-10,bear,0,0,0,0,0,regime_filtered,0,,live,,,
2024-01-11,bear,0,0,0,0,0,regime_filtered,0,,live,,,
2024-01-12,bear,0,0,0,0,0,regime_filtered,0,,live,,,
2024-01-15,bear,0,0,0,0,0,regime_filtered,0,,live,,,
2024-01-16,bear,0,0,0,0,0,regime_filtered,0,,live,,,
2024-01-17,bear,0,0,0,0,0,regime_filtered,0,,live,,,
2024-01-18,bear,0,0,0,0,0,regime_filtered,0,,live,,,
2024-01-19,bear,0,0,0,0,0,regime_filtered,0,,live,,,
2024-01-22,bear,0,0,0,0,0,regime_filtered,0,,live,,,
2024-01-23,bear,0,0,0,0,0,regime_filtered,0,,live,,,
2024-01-24,bear,0,0,0,0,0,regime_filtered,0,,live,,,
2024-01-25,bear,0,0,0,0,0,regime_filtered,0,,live,,,
2024-01-26,bear,0,0,0,0,0,regime_filtered,0,,live,,,
2024-01-29,bear,0,0,0,0,0,regime_filtered,0,,live,,,
2024-01-30,bear,0,0,0,0,0,regime_filtered,0,,live,,,
2024-01-31,bear,0,0,0,0,0,regime_filtered,0,,live,,,
2024-02-01,bear,0,0,0,0,0,regime_filtered,0,,live,,,
2024-02-02,bear,0,0,0,0,0,regime_filtered,0,,live,,,
2024-02-05,bear,0,0,0,0,0,regime_filtered,0,,live,,,
2024-02-06,bear,0,0,0,0,0,regime_filtered,0,,live,,,
2024-02-07,choppy,0,0,0,0,0,regime_filtered,0,,live,,,
2024-02-08,choppy,0,0,0,0,0,regime_filtered,0,,live,,,
2024-02-19,choppy,0,0,0,0,0,regime_filtered,0,,live,,,
2024-02-20,choppy,0,0,0,0,0,regime_filtered,0,,live,,,
2024-02-21,choppy,0,0,0,0,0,regime_filtered,0,,live,,,
2024-02-22,choppy,0,0,0,0,0,regime_filtered,0,,live,,,
2024-02-23,choppy,0,0,0,0,0,regime_filtered,0,,live,,,
2024-02-26,choppy,0,0,0,0,0,regime_filtered,0,,live,,,
2024-02-27,bull,2,0,0,2,0,full,24,0.9725,live,,,
2024-02-28,bull,2,1,0,1,0,full,28,0.8487,live,,,
2024-02-29,bull,2,1,0,1,0,full,18,0.9631,live,,,
2024-03-01,bull,2,0,1,1,0,full,24,0.9499,live,,,
2024-03-04,bull,2,1,0,1,0,full,15,0.929,live,,,
2024-03-05,bull,2,0,2,0,0,full,21,0.9037,live,,,
2024-03-06,bull,2,0,1,1,0,full,26,0.8966,live,,,
2024-03-07,bull,2,1,1,0,0,full,23,0.8201,live,,,
2024-03-08,bull,2,1,1,0,0,full,21,0.8086,live,,,
2024-03-11,bull,2,0,2,0,0,full,29,0.8911,live,,,
2024-03-12,bull,2,0,0,2,0,full,27,0.8724,live,,,
2024-03-13,bull,2,0,1,1,0,full,18,0.7948,live,,,
2024-03-14,bull,2,1,0,1,0,full,17,0.7382,live,,,
2024-03-15,bull,2,1,0,1,0,full,17,0.791,live,,,
2024-03-18,bull,2,0,2,0,0,full,17,0.852,live,,,
2024-03-19,bull,2,0,2,0,0,full,31,0.7646,live,,,
2024-03-20,bull,2,0,1,1,0,full,31,0.769,live,,,
2024-03-21,bull,2,1,1,0,0,full,29,0.7019,live,,,
2024-03-22,choppy,0,0,0,0,0,regime_filtered,0,,live,,,
2024-03-25,choppy,0,0,0,0,0,regime_filtered,0,,live,,,
2024-03-26,choppy,0,0,0,0,0,regime_filtered,0,,live,,,
2024-03-27,choppy,0,0,0,0,0,regime_filtered,0,,live,,,
2024-03-28,choppy,0,0,0,0,0,regime_filtered,0,,live,,,
2024-03-29,choppy,0,0,0,0,0,regime_filtered,0,,live,,,
2024-04-01,bull,2,1,1,0,0,full,22,0.5198,live,,,
2024-04-02,bull,2,0,2,0,0,full,22,0.4887,live,,,
2024-04-03,bull,2,0,0,2,0,full,16,0.4476,live,,,
2024-04-08,choppy,0,0,0,0,0,regime_filtered,0,,live,,,
2024-04-09,choppy,0,0,0,0,0,regime_filtered,0,,live,,,
2024-04-10,choppy,0,0,0,0,0,regime_filtered,0,,live,,,
2024-04-11,choppy,0,0,0,0,0,regime_filtered,0,,live,,,
2024-04-12,choppy,0,0,0,0,0,regime_filtered,0,,live,,,
2024-04-15,bull,2,0,1,1,0,full,28,0.3421,live,,,
2024-04-16,choppy,0,0,0,0,0,regime_filtered,0,,live,,,
2024-04-17,bull,2,0,2,0,0,full,23,0.3542,live,,,
2024-04-18,bull,2,1,1,0,0,full,38,0.3729,live,,,
2024-04-19,bull,2,0,0,2,0,full,39,0.369,live,,,
2024-04-22,choppy,0,0,0,0,0,regime_filtered,0,,live,,,
2024-04-23,bear,0,0,0,0,0,regime_filtered,0,,live,,,
2024-04-24,choppy,0,0,0,0,0,regime_filtered,0,,live,,,
2024-04-25,choppy,0,0,0,0,0,regime_filtered,0,,live,,,
2024-04-26,bull,2,0,2,0,0,full,35,0.5783,live,,,
2024-04-29,bull,2,2,0,0,0,full,31,0.7529,live,,,
2024-04-30,bull,2,0,0,2,0,full,33,0.6771,live,,,
2024-05-06,bull,2,0,1,0,1,full,19,0.7952,live,,,
2024-05-07,bull,2,0,0,2,0,full,31,0.8012,live,,,
2024-05-08,bull,2,1,0,1,0,full,35,0.7106,live,,,
2024-05-09,bull,2,0,0,1,1,full,28,0.8221,live,,,
2024-05-10,bull,2,1,1,0,0,full,36,0.7743,live,,,
2024-05-13,bull,2,0,0,2,0,full,27,0.6771,live,,,
2024-05-14,bull,2,0,0,2,0,full,43,0.6881,live,,,
2024-05-15,bull,2,0,2,0,0,full,48,0.5931,live,,,
2024-05-16,bull,2,0,0,2,0,full,40,0.5755,live,,,
2024-05-17,bull,2,0,1,1,0,full,33,0.6584,live,,,
2024-05-20,bull,2,0,1,0,1,full,29,0.6864,live,,,
2024-05-21,bull,2,0,1,1,0,full,38,0.5788,live,,,
2024-05-22,bull,2,0,1,1,0,full,35,0.5733,live,,,
2024-05-23,bull,2,1,1,0,0,full,28,0.3432,live,,,
2024-05-24,choppy,0,0,0,0,0,regime_filtered,0,,live,,,
2024-05-27,choppy,0,0,0,0,0,regime_filtered,0,,live,,,
2024-05-28,choppy,0,0,0,0,0,regime_filtered,0,,live,,,
2024-05-29,choppy,0,0,0,0,0,regime_filtered,0,,live,,,
2024-05-30,choppy,0,0,0,0,0,regime_filtered,0,,live,,,
2024-05-31,bear,0,0,0,0,0,regime_filtered,0,,live,,,
2024-06-03,choppy,0,0,0,0,0,regime_filtered,0,,live,,,
2024-06-04,choppy,0,0,0,0,0,regime_filtered,0,,live,,,
2024-06-05,choppy,0,0,0,0,0,regime_filtered,0,,live,,,
2024-06-06,choppy,0,0,0,0,0,regime_filtered,0,,live,,,
2024-06-07,bear,0,0,0,0,0,regime_filtered,0,,live,,,
2024-06-11,bear,0,0,0,0,0,regime_filtered,0,,live,,,
2024-06-12,bear,0,0,0,0,0,regime_filtered,0,,live,,,
2024-06-13,bear,0,0,0,0,0,regime_filtered,0,,live,,,
2024-06-14,bear,0,0,0,0,0,regime_filtered,0,,live,,,
2024-06-17,bear,0,0,0,0,0,regime_filtered,0,,live,,,
2024-06-18,bear,0,0,0,0,0,regime_filtered,0,,live,,,
2024-06-19,bear,0,0,0,0,0,regime_filtered,0,,live,,,
2024-06-20,bear,0,0,0,0,0,regime_filtered,0,,live,,,
2024-06-21,bear,0,0,0,0,0,regime_filtered,0,,live,,,
2024-06-24,bear,0,0,0,0,0,regime_filtered,0,,live,,,
2024-06-25,bear,0,0,0,0,0,regime_filtered,0,,live,,,
2024-06-26,bear,0,0,0,0,0,regime_filtered,0,,live,,,
2024-06-27,bear,0,0,0,0,0,regime_filtered,0,,live,,,
2024-06-28,bear,0,0,0,0,0,regime_filtered,0,,live,,,
2024-07-01,bear,0,0,0,0,0,regime_filtered,0,,live,,,
2024-07-02,bear,0,0,0,0,0,regime_filtered,0,,live,,,
2024-07-03,bear,0,0,0,0,0,regime_filtered,0,,live,,,
2024-07-04,bear,0,0,0,0,0,regime_filtered,0,,live,,,
2024-07-05,bear,0,0,0,0,0,regime_filtered,0,,live,,,
2024-07-08,bear,0,0,0,0,0,regime_filtered,0,,live,,,
2024-07-09,bear,0,0,0,0,0,regime_filtered,0,,live,,,
2024-07-10,bear,0,0,0,0,0,regime_filtered,0,,live,,,
2024-07-11,bear,0,0,0,0,0,regime_filtered,0,,live,,,
2024-07-12,bear,0,0,0,0,0,regime_filtered,0,,live,,,
2024-07-15,bear,0,0,0,0,0,regime_filtered,0,,live,,,
2024-07-16,bear,0,0,0,0,0,regime_filtered,0,,live,,,
2024-07-17,bear,0,0,0,0,0,regime_filtered,0,,live,,,
2024-07-18,bear,0,0,0,0,0,regime_filtered,0,,live,,,
2024-07-19,bear,0,0,0,0,0,regime_filtered,0,,live,,,
2024-07-22,bear,0,0,0,0,0,regime_filtered,0,,live,,,
2024-07-23,bear,0,0,0,0,0,regime_filtered,0,,live,,,
2024-07-24,bear,0,0,0,0,0,regime_filtered,0,,live,,,
2024-07-25,bear,0,0,0,0,0,regime_filtered,0,,live,,,
2024-07-26,bear,0,0,0,0,0,regime_filtered,0,,live,,,
2024-07-29,bear,0,0,0,0,0,regime_filtered,0,,live,,,
2024-07-30,bear,0,0,0,0,0,regime_filtered,0,,live,,,
2024-07-31,bear,0,0,0,0,0,regime_filtered,0,,live,,,
2024-08-01,bear,0,0,0,0,0,regime_filtered,0,,live,,,
2024-08-02,bear,0,0,0,0,0,regime_filtered,0,,live,,,
2024-08-05,bear,0,0,0,0,0,regime_filtered,0,,live,,,
2024-08-06,bear,0,0,0,0,0,regime_filtered,0,,live,,,
2024-08-07,bear,0,0,0,0,0,regime_filtered,0,,live,,,
2024-08-08,bear,0,0,0,0,0,regime_filtered,0,,live,,,
2024-08-09,bear,0,0,0,0,0,regime_filtered,0,,live,,,
2024-08-12,bear,0,0,0,0,0,regime_filtered,0,,live,,,
2024-08-13,bear,0,0,0,0,0,regime_filtered,0,,live,,,
2024-08-14,bear,0,0,0,0,0,regime_filtered,0,,live,,,
2024-08-15,bear,0,0,0,0,0,regime_filtered,0,,live,,,
2024-08-16,bear,0,0,0,0,0,regime_filtered,0,,live,,,
2024-08-19,bear,0,0,0,0,0,regime_filtered,0,,live,,,
2024-08-20,bear,0,0,0,0,0,regime_filtered,0,,live,,,
2024-08-21,bear,0,0,0,0,0,regime_filtered,0,,live,,,
2024-08-22,bear,0,0,0,0,0,regime_filtered,0,,live,,,
2024-08-23,bear,0,0,0,0,0,regime_filtered,0,,live,,,
2024-08-26,bear,0,0,0,0,0,regime_filtered,0,,live,,,
2024-08-27,bear,0,0,0,0,0,regime_filtered,0,,live,,,
2024-08-28,bear,0,0,0,0,0,regime_filtered,0,,live,,,
2024-08-29,bear,0,0,0,0,0,regime_filtered,0,,live,,,
2024-08-30,bear,0,0,0,0,0,regime_filtered,0,,live,,,
2024-09-02,bear,0,0,0,0,0,regime_filtered,0,,live,,,
2024-09-03,bear,0,0,0,0,0,regime_filtered,0,,live,,,
2024-09-04,bear,0,0,0,0,0,regime_filtered,0,,live,,,
2024-09-05,bear,0,0,0,0,0,regime_filtered,0,,live,,,
2024-09-06,bear,0,0,0,0,0,regime_filtered,0,,live,,,
2024-09-09,bear,0,0,0,0,0,regime_filtered,0,,live,,,
2024-09-10,bear,0,0,0,0,0,regime_filtered,0,,live,,,
2024-09-11,bear,0,0,0,0,0,regime_filtered,0,,live,,,
2024-09-12,bear,0,0,0,0,0,regime_filtered,0,,live,,,
2024-09-13,bear,0,0,0,0,0,regime_filtered,0,,live,,,
2024-09-18,bear,0,0,0,0,0,regime_filtered,0,,live,,,
2024-09-19,bear,0,0,0,0,0,regime_filtered,0,,live,,,
2024-09-20,bear,0,0,0,0,0,regime_filtered,0,,live,,,
2024-09-23,bear,0,0,0,0,0,regime_filtered,0,,live,,,
2024-09-24,choppy,0,0,0,0,0,regime_filtered,0,,live,,,
2024-09-25,choppy,0,0,0,0,0,regime_filtered,0,,live,,,
2024-09-26,choppy,0,0,0,0,0,regime_filtered,0,,live,,,
2024-09-27,choppy,0,0,0,0,0,regime_filtered,0,,live,,,
2024-09-30,choppy,0,0,0,0,0,regime_filtered,0,,live,,,
2024-10-08,bull,0,0,0,0,0,full,0,0.9891,live,,,
2024-10-09,bull,2,0,2,0,0,full,2,0.9809,live,,,
2024-10-10,bull,2,0,2,0,0,full,4,0.9836,live,,,
2024-10-11,bull,1,0,1,0,0,full,1,0.9776,live,,,
2024-10-14,bull,1,0,1,0,0,full,1,0.9792,live,,,
2024-10-15,bull,2,0,2,0,0,full,2,0.9601,live,,,
2024-10-16,bull,2,1,1,0,0,full,4,0.947,live,,,
2024-10-17,bull,1,0,0,1,0,full,1,0.9115,live,,,
2024-10-18,bull,2,0,1,1,0,full,3,0.9579,live,,,
2024-10-21,bull,2,1,1,0,0,full,9,0.9415,live,,,
2024-10-22,bull,2,0,1,1,0,full,15,0.9596,live,,,
2024-10-23,bull,2,0,1,1,0,full,20,0.9546,live,,,
2024-10-24,bull,2,0,0,2,0,full,21,0.911,live,,,
2024-10-25,bull,2,0,2,0,0,full,22,0.9088,live,,,
2024-10-28,bull,2,1,0,1,0,full,21,0.8984,live,,,
2024-10-29,bull,2,0,0,2,0,full,24,0.7669,live,,,
2024-10-30,choppy,0,0,0,0,0,regime_filtered,0,,live,,,
2024-10-31,choppy,0,0,0,0,0,regime_filtered,0,,live,,,
2024-11-01,choppy,0,0,0,0,0,regime_filtered,0,,live,,,
2024-11-04,bull,2,1,0,1,0,full,16,0.613,live,,,
2024-11-05,bull,2,1,1,0,0,full,15,0.8379,live,,,
2024-11-06,bull,2,1,0,1,0,full,28,0.8188,live,,,
2024-11-07,bull,2,1,0,0,1,full,26,0.9023,live,,,
2024-11-08,bull,2,0,1,1,0,full,39,0.8908,live,,,
2024-11-11,bull,2,0,2,0,0,full,32,0.8941,live,,,
2024-11-12,bull,2,0,2,0,0,full,31,0.8614,live,,,
2024-11-13,bull,2,0,2,0,0,full,30,0.8548,live,,,
2024-11-14,bull,2,0,2,0,0,full,11,0.6479,live,,,
2024-11-15,choppy,0,0,0,0,0,regime_filtered,0,,live,,,
2024-11-18,choppy,0,0,0,0,0,regime_filtered,0,,live,,,
2024-11-19,choppy,0,0,0,0,0,regime_filtered,0,,live,,,
2024-11-20,choppy,0,0,0,0,0,regime_filtered,0,,live,,,
2024-11-21,choppy,0,0,0,0,0,regime_filtered,0,,live,,,
2024-11-22,choppy,0,0,0,0,0,regime_filtered,0,,live,,,
2024-11-25,choppy,0,0,0,0,0,regime_filtered,0,,live,,,
2024-11-26,choppy,0,0,0,0,0,regime_filtered,0,,live,,,
2024-11-27,choppy,0,0,0,0,0,regime_filtered,0,,live,,,
2024-11-28,choppy,0,0,0,0,0,regime_filtered,0,,live,,,
2024-11-29,choppy,0,0,0,0,0,regime_filtered,0,,live,,,
2024-12-02,choppy,0,0,0,0,0,regime_filtered,0,,live,,,
2024-12-03,choppy,0,0,0,0,0,regime_filtered,0,,live,,,
2024-12-04,choppy,0,0,0,0,0,regime_filtered,0,,live,,,
2024-12-05,choppy,0,0,0,0,0,regime_filtered,0,,live,,,
2024-12-06,bull,2,1,1,0,0,full,23,0.5867,live,,,
2024-12-09,bull,2,0,0,0,2,full,23,0.5632,live,,,
2024-12-10,bull,2,0,2,0,0,full,21,0.6696,live,,,
2024-12-11,choppy,0,0,0,0,0,regime_filtered,0,,live,,,
2024-12-12,choppy,0,0,0,0,0,regime_filtered,0,,live,,,
2024-12-13,bear,0,0,0,0,0,regime_filtered,0,,live,,,
2024-12-16,bear,0,0,0,0,0,regime_filtered,0,,live,,,
2024-12-17,bear,0,0,0,0,0,regime_filtered,0,,live,,,
2024-12-18,bear,0,0,0,0,0,regime_filtered,0,,live,,,
2024-12-19,bear,0,0,0,0,0,regime_filtered,0,,live,,,
2024-12-20,bear,0,0,0,0,0,regime_filtered,0,,live,,,
2024-12-23,bear,0,0,0,0,0,regime_filtered,0,,live,,,
2024-12-24,choppy,0,0,0,0,0,regime_filtered,0,,live,,,
2024-12-25,choppy,0,0,0,0,0,regime_filtered,0,,live,,,
2024-12-26,choppy,0,0,0,0,0,regime_filtered,0,,live,,,
2024-12-27,choppy,0,0,0,0,0,regime_filtered,0,,live,,,
2024-12-30,choppy,0,0,0,0,0,regime_filtered,0,,live,,,
2024-12-31,bear,0,0,0,0,0,regime_filtered,0,,live,,,
2025-01-02,bear,0,0,0,0,0,regime_filtered,0,,live,,,
2025-01-03,bear,0,0,0,0,0,regime_filtered,0,,live,,,
2025-01-06,bear,0,0,0,0,0,regime_filtered,0,,live,,,
2025-01-07,bear,0,0,0,0,0,regime_filtered,0,,live,,,
2025-01-08,bear,0,0,0,0,0,regime_filtered,0,,live,,,
2025-01-09,bear,0,0,0,0,0,regime_filtered,0,,live,,,
2025-01-10,bear,0,0,0,0,0,regime_filtered,0,,live,,,
2025-01-13,bear,0,0,0,0,0,regime_filtered,0,,live,,,
2025-01-14,bear,0,0,0,0,0,regime_filtered,0,,live,,,
2025-01-15,bear,0,0,0,0,0,regime_filtered,0,,live,,,
2025-01-16,bear,0,0,0,0,0,regime_filtered,0,,live,,,
2025-01-17,bear,0,0,0,0,0,regime_filtered,0,,live,,,
2025-01-20,bear,0,0,0,0,0,regime_filtered,0,,live,,,
2025-01-21,bear,0,0,0,0,0,regime_filtered,0,,live,,,
2025-01-22,bear,0,0,0,0,0,regime_filtered,0,,live,,,
2025-01-23,bear,0,0,0,0,0,regime_filtered,0,,live,,,
2025-01-24,bear,0,0,0,0,0,regime_filtered,0,,live,,,
2025-01-27,bear,0,0,0,0,0,regime_filtered,0,,live,,,
2025-02-05,bear,0,0,0,0,0,regime_filtered,0,,live,,,
2025-02-06,bear,0,0,0,0,0,regime_filtered,0,,live,,,
2025-02-07,choppy,0,0,0,0,0,regime_filtered,0,,live,,,
2025-02-10,choppy,0,0,0,0,0,regime_filtered,0,,live,,,
2025-02-11,choppy,0,0,0,0,0,regime_filtered,0,,live,,,
2025-02-12,choppy,0,0,0,0,0,regime_filtered,0,,live,,,
2025-02-13,choppy,0,0,0,0,0,regime_filtered,0,,live,,,
2025-02-14,choppy,0,0,0,0,0,regime_filtered,0,,live,,,
2025-02-17,choppy,0,0,0,0,0,regime_filtered,0,,live,,,
2025-02-18,choppy,0,0,0,0,0,regime_filtered,0,,live,,,
2025-02-19,choppy,0,0,0,0,0,regime_filtered,0,,live,,,
2025-02-20,choppy,0,0,0,0,0,regime_filtered,0,,live,,,
2025-02-21,choppy,0,0,0,0,0,regime_filtered,0,,live,,,
2025-02-24,choppy,0,0,0,0,0,regime_filtered,0,,live,,,
2025-02-25,bull,2,0,2,0,0,full,25,0.6087,live,,,
2025-02-26,bull,2,0,2,0,0,full,21,0.7065,live,,,
2025-02-27,bull,2,0,2,0,0,full,19,0.6946,live,,,
2025-02-28,choppy,0,0,0,0,0,regime_filtered,0,,live,,,
2025-03-03,choppy,0,0,0,0,0,regime_filtered,0,,live,,,
2025-03-04,choppy,0,0,0,0,0,regime_filtered,0,,live,,,
2025-03-05,choppy,0,0,0,0,0,regime_filtered,0,,live,,,
2025-03-06,bull,2,0,2,0,0,full,20,0.6,live,,,
2025-03-07,bull,2,1,1,0,0,full,29,0.5299,live,,,
2025-03-10,bull,2,0,2,0,0,full,30,0.5418,live,,,
2025-03-11,bull,2,0,2,0,0,full,26,0.5698,live,,,
2025-03-12,choppy,0,0,0,0,0,regime_filtered,0,,live,,,
2025-03-13,choppy,0,0,0,0,0,regime_filtered,0,,live,,,
2025-03-14,bull,2,0,2,0,0,full,27,0.6681,live,,,
2025-03-17,bull,2,0,0,2,0,full,29,0.7002,live,,,
2025-03-18,bull,2,0,2,0,0,full,28,0.7127,live,,,
2025-03-19,bull,2,0,1,1,0,full,25,0.6469,live,,,
2025-03-20,bull,2,0,1,1,0,full,27,0.5798,live,,,
2025-03-21,choppy,0,0,0,0,0,regime_filtered,0,,live,,,
2025-03-24,choppy,0,0,0,0,0,regime_filtered,0,,live,,,
2025-03-25,choppy,0,0,0,0,0,regime_filtered,0,,live,,,
2025-03-26,choppy,0,0,0,0,0,regime_filtered,0,,live,,,
2025-03-27,choppy,0,0,0,0,0,regime_filtered,0,,live,,,
2025-03-28,choppy,0,0,0,0,0,regime_filtered,0,,live,,,
2025-03-31,bear,0,0,0,0,0,regime_filtered,0,,live,,,
2025-04-01,bear,0,0,0,0,0,regime_filtered,0,,live,,,
2025-04-02,bear,0,0,0,0,0,regime_filtered,0,,live,,,
2025-04-03,bear,0,0,0,0,0,regime_filtered,0,,live,,,
2025-04-07,bear,0,0,0,0,0,regime_filtered,0,,live,,,
2025-04-08,bear,0,0,0,0,0,regime_filtered,0,,live,,,
2025-04-09,bear,0,0,0,0,0,regime_filtered,0,,live,,,
2025-04-10,bear,0,0,0,0,0,regime_filtered,0,,live,,,
2025-04-11,bear,0,0,0,0,0,regime_filtered,0,,live,,,
2025-04-14,bear,0,0,0,0,0,regime_filtered,0,,live,,,
2025-04-15,bear,0,0,0,0,0,regime_filtered,0,,live,,,
2025-04-16,bear,0,0,0,0,0,regime_filtered,0,,live,,,
2025-04-17,bear,0,0,0,0,0,regime_filtered,0,,live,,,
2025-04-18,bear,0,0,0,0,0,regime_filtered,0,,live,,,
2025-04-21,bear,0,0,0,0,0,regime_filtered,0,,live,,,
2025-04-22,bear,0,0,0,0,0,regime_filtered,0,,live,,,
2025-04-23,bear,0,0,0,0,0,regime_filtered,0,,live,,,
2025-04-24,bear,0,0,0,0,0,regime_filtered,0,,live,,,
2025-04-25,bear,0,0,0,0,0,regime_filtered,0,,live,,,
2025-04-28,bear,0,0,0,0,0,regime_filtered,0,,live,,,
2025-04-29,bear,0,0,0,0,0,regime_filtered,0,,live,,,
2025-04-30,bear,0,0,0,0,0,regime_filtered,0,,live,,,
2025-05-06,bear,0,0,0,0,0,regime_filtered,0,,live,,,
2025-05-07,bear,0,0,0,0,0,regime_filtered,0,,live,,,
2025-05-08,bear,0,0,0,0,0,regime_filtered,0,,live,,,
2025-05-09,bear,0,0,0,0,0,regime_filtered,0,,live,,,
2025-05-12,choppy,0,0,0,0,0,regime_filtered,0,,live,,,
2025-05-13,choppy,0,0,0,0,0,regime_filtered,0,,live,,,
2025-05-14,choppy,0,0,0,0,0,regime_filtered,0,,live,,,
2025-05-15,choppy,0,0,0,0,0,regime_filtered,0,,live,,,
2025-05-16,choppy,0,0,0,0,0,regime_filtered,0,,live,,,
2025-05-19,choppy,0,0,0,0,0,regime_filtered,0,,live,,,
2025-05-20,choppy,0,0,0,0,0,regime_filtered,0,,live,,,
2025-05-21,choppy,0,0,0,0,0,regime_filtered,0,,live,,,
2025-05-22,choppy,0,0,0,0,0,regime_filtered,0,,live,,,
2025-05-23,choppy,0,0,0,0,0,regime_filtered,0,,live,,,
2025-05-26,bull,2,1,0,1,0,full,25,0.4033,live,,,
2025-05-27,bear,0,0,0,0,0,regime_filtered,0,,live,,,
2025-05-28,bear,0,0,0,0,0,regime_filtered,0,,live,,,
2025-05-29,choppy,0,0,0,0,0,regime_filtered,0,,live,,,
2025-05-30,bear,0,0,0,0,0,regime_filtered,0,,live,,,
2025-06-03,choppy,0,0,0,0,0,regime_filtered,0,,live,,,
2025-06-04,choppy,0,0,0,0,0,regime_filtered,0,,live,,,
2025-06-05,bull,2,1,0,1,0,full,26,0.5466,live,,,
2025-06-06,choppy,0,0,0,0,0,regime_filtered,0,,live,,,
2025-06-09,bull,2,1,1,0,0,full,24,0.6555,live,,,
2025-06-10,choppy,0,0,0,0,0,regime_filtered,0,,live,,,
2025-06-11,bull,2,0,1,1,0,full,21,0.6004,live,,,
2025-06-12,bull,2,0,2,0,0,full,23,0.569,live,,,
2025-06-13,choppy,0,0,0,0,0,regime_filtered,0,,live,,,
2025-06-16,bull,2,0,1,1,0,full,23,0.4624,live,,,
2025-06-17,choppy,0,0,0,0,0,regime_filtered,0,,live,,,
2025-06-18,bull,2,0,1,1,0,full,23,0.4478,live,,,
2025-06-19,choppy,0,0,0,0,0,regime_filtered,0,,live,,,
2025-06-20,choppy,0,0,0,0,0,regime_filtered,0,,live,,,
2025-06-23,choppy,0,0,0,0,0,regime_filtered,0,,live,,,
2025-06-24,bull,2,0,1,1,0,full,18,0.5552,live,,,
2025-06-25,bull,2,1,1,0,0,full,16,0.6883,live,,,
2025-06-26,bull,2,1,0,1,0,full,15,0.6039,live,,,
2025-06-27,bull,2,1,0,1,0,full,21,0.6439,live,,,
2025-06-30,bull,2,1,0,1,0,full,15,0.7056,live,,,
2025-07-01,bull,2,1,0,1,0,full,14,0.744,live,,,
2025-07-02,bull,2,2,0,0,0,full,19,0.7105,live,,,
2025-07-03,bull,2,0,1,0,1,full,19,0.7511,live,,,
2025-07-04,bull,2,0,0,2,0,full,21,0.704,live,,,
2025-07-07,bull,2,0,0,2,0,full,21,0.6889,live,,,
2025-07-08,bull,2,0,2,0,0,full,23,0.8053,live,,,
2025-07-09,bull,2,0,2,0,0,full,23,0.782,live,,,
2025-07-10,bull,2,1,1,0,0,full,22,0.7842,live,,,
2025-07-11,bull,2,1,1,0,0,full,23,0.828,live,,,
2025-07-14,bull,2,1,0,0,1,full,22,0.8123,live,,,
2025-07-15,bull,2,1,0,1,0,full,19,0.7166,live,,,
2025-07-16,bull,2,0,1,1,0,full,29,0.7324,live,,,
2025-07-17,bull,2,1,1,0,0,full,25,0.7805,live,,,
2025-07-18,bull,2,1,1,0,0,full,29,0.7865,live,,,
2025-07-21,bull,2,1,0,1,0,full,20,0.8216,live,,,
2025-07-22,bull,2,1,1,0,0,full,26,0.8259,live,,,
2025-07-23,bull,2,2,0,0,0,full,25,0.787,live,,,
2025-07-24,bull,2,2,0,0,0,full,29,0.8497,live,,,
2025-07-25,bull,2,0,2,0,0,full,29,0.8368,live,,,
2025-07-28,bull,2,1,1,0,0,full,25,0.8243,live,,,
2025-07-29,bull,2,0,2,0,0,full,33,0.8097,live,,,
2025-07-30,bull,2,0,1,1,0,full,34,0.7628,live,,,
2025-07-31,bull,2,0,2,0,0,full,30,0.5338,live,,,
2025-08-01,choppy,0,0,0,0,0,regime_filtered,0,,live,,,
2025-08-04,bull,2,1,0,1,0,full,28,0.5802,live,,,
2025-08-05,bull,2,0,2,0,0,full,32,0.6542,live,,,
2025-08-06,bull,2,1,0,0,1,full,30,0.6888,live,,,
2025-08-07,bull,2,0,1,1,0,full,36,0.6559,live,,,
2025-08-08,bull,2,1,0,1,0,full,38,0.6053,live,,,
2025-08-11,bull,2,1,0,1,0,full,35,0.7171,live,,,
2025-08-12,bull,2,0,0,2,0,full,35,0.6987,live,,,
2025-08-13,bull,2,0,1,1,0,full,31,0.7149,live,,,
2025-08-14,bull,2,1,1,0,0,full,35,0.5367,live,,,
2025-08-15,bull,2,1,1,0,0,full,25,0.6717,live,,,
2025-08-18,bull,2,0,1,1,0,full,34,0.7511,live,,,
2025-08-19,bull,2,2,0,0,0,full,39,0.7381,live,,,
2025-08-20,bull,2,1,1,0,0,full,38,0.8002,live,,,
2025-08-21,bull,2,0,1,1,0,full,36,0.8321,live,,,
2025-08-22,bull,2,0,2,0,0,full,26,0.8585,live,,,
2025-08-25,bull,2,0,2,0,0,full,27,0.9168,live,,,
2025-08-26,bull,2,0,0,1,1,full,36,0.8996,live,,,
2025-08-27,bull,2,1,1,0,0,full,31,0.6949,live,,,
2025-08-28,bull,2,0,1,1,0,full,26,0.6901,live,,,
2025-08-29,bull,2,1,1,0,0,full,25,0.683,live,,,
2025-09-01,bull,2,0,2,0,0,full,23,0.676,live,,,
2025-09-02,bull,2,0,2,0,0,full,29,0.547,live,,,
2025-09-03,bull,2,0,2,0,0,full,27,0.4131,live,,,
2025-09-04,bull,2,0,0,2,0,selective,10,0.3105,live,,,
2025-09-05,bull,2,0,0,2,0,full,6,0.4309,live,,,
2025-09-08,bull,2,2,0,0,0,full,18,0.5146,live,,,
2025-09-09,bull,2,1,1,0,0,full,26,0.4622,live,,,
2025-09-10,bull,2,1,0,1,0,full,27,0.4379,live,,,
2025-09-11,bull,2,0,1,1,0,full,22,0.541,live,,,
2025-09-12,bull,2,0,0,2,0,full,29,0.5216,live,,,
2025-09-15,bull,2,2,0,0,0,full,30,0.4973,live,,,
2025-09-16,bull,2,0,1,1,0,full,31,0.5049,live,,,
2025-09-17,bull,2,1,1,0,0,full,32,0.5562,live,,,
2025-09-18,bull,2,0,1,1,0,full,25,0.433,live,,,
2025-09-19,bull,2,1,1,0,0,full,28,0.433,live,,,
2025-09-22,bull,2,0,0,2,0,full,32,0.4309,live,,,
2025-09-23,bull,2,1,0,1,0,full,27,0.3715,live,,,
2025-09-24,bull,2,1,0,1,0,full,24,0.4471,live,,,
2025-09-25,bull,2,0,2,0,0,full,28,0.4614,live,,,
2025-09-26,bull,2,0,1,1,0,full,31,0.3994,live,,,
2025-09-29,bull,2,1,1,0,0,full,17,0.4933,live,,,
2025-09-30,bull,2,0,1,1,0,full,24,0.5289,live,,,
2025-10-09,bull,2,0,2,0,0,full,24,0.6066,live,,,
2025-10-10,bull,2,2,0,0,0,full,29,0.5586,live,,,
2025-10-13,bull,2,0,2,0,0,full,21,0.4922,live,,,
2025-10-14,choppy,0,0,0,0,0,regime_filtered,0,,live,,,
2025-10-15,bull,2,0,1,1,0,full,15,0.5035,live,,,
2025-10-16,bull,2,1,1,0,0,full,19,0.4479,live,,,
2025-10-17,choppy,0,0,0,0,0,regime_filtered,0,,live,,,
2025-10-20,choppy,0,0,0,0,0,regime_filtered,0,,live,,,
2025-10-21,bull,2,0,2,0,0,full,10,0.4004,live,,,
2025-10-22,bull,2,1,1,0,0,full,14,0.3803,live,,,
2025-10-23,bull,2,1,0,0,1,full,13,0.4126,live,,,
2025-10-24,bull,2,0,0,1,1,full,13,0.4582,live,,,
2025-10-27,bull,2,0,1,1,0,full,11,0.5515,live,,,
2025-10-28,bull,2,1,0,0,1,full,19,0.521,live,,,
2025-10-29,bull,2,0,1,1,0,full,11,0.5834,live,,,
2025-10-30,bull,2,1,1,0,0,full,25,0.4903,live,,,
2025-10-31,bull,2,1,0,1,0,full,21,0.5258,live,,,
2025-11-03,bull,2,0,1,1,0,full,15,0.542,live,,,
2025-11-04,choppy,0,0,0,0,0,regime_filtered,0,,live,,,
2025-11-05,choppy,0,0,0,0,0,regime_filtered,0,,live,,,
2025-11-06,bull,2,1,1,0,0,full,17,0.5495,live,,,
2025-11-07,bull,2,2,0,0,0,full,20,0.5336,live,,,
2025-11-10,bull,2,0,0,0,2,full,15,0.5982,live,,,
2025-11-11,bull,2,0,2,0,0,full,20,0.5885,live,,,
2025-11-12,bull,2,0,1,1,0,full,24,0.5412,live,,,
2025-11-13,bull,2,0,1,1,0,full,24,0.6009,live,,,
2025-11-14,choppy,0,0,0,0,0,regime_filtered,0,,live,,,
2025-11-17,choppy,0,0,0,0,0,regime_filtered,0,,live,,,
2025-11-18,bear,0,0,0,0,0,regime_filtered,0,,live,,,
2025-11-19,choppy,0,0,0,0,0,regime_filtered,0,,live,,,
2025-11-20,bear,0,0,0,0,0,regime_filtered,0,,live,,,
2025-11-21,bear,0,0,0,0,0,regime_filtered,0,,live,,,
2025-11-24,bear,0,0,0,0,0,regime_filtered,0,,live,,,
2025-11-25,bear,0,0,0,0,0,regime_filtered,0,,live,,,
2025-11-26,bear,0,0,0,0,0,regime_filtered,0,,live,,,
2025-11-27,bear,0,0,0,0,0,regime_filtered,0,,live,,,
2025-11-28,bear,0,0,0,0,0,regime_filtered,0,,live,,,
2025-12-01,bear,0,0,0,0,0,regime_filtered,0,,live,,,
2025-12-02,bear,0,0,0,0,0,regime_filtered,0,,live,,,
2025-12-03,bear,0,0,0,0,0,regime_filtered,0,,live,,,
2025-12-04,bear,0,0,0,0,0,regime_filtered,0,,live,,,
2025-12-05,bear,0,0,0,0,0,regime_filtered,0,,live,,,
2025-12-08,choppy,0,0,0,0,0,regime_filtered,0,,live,,,
2025-12-09,bear,0,0,0,0,0,regime_filtered,0,,live,,,
2025-12-10,bear,0,0,0,0,0,regime_filtered,0,,live,,,
2025-12-11,bear,0,0,0,0,0,regime_filtered,0,,live,,,
2025-12-12,bear,0,0,0,0,0,regime_filtered,0,,live,,,
2025-12-15,bear,0,0,0,0,0,regime_filtered,0,,live,,,
2025-12-16,bear,0,0,0,0,0,regime_filtered,0,,live,,,
2025-12-17,bear,0,0,0,0,0,regime_filtered,0,,live,,,
2025-12-18,bear,0,0,0,0,0,regime_filtered,0,,live,,,
2025-12-19,bear,0,0,0,0,0,regime_filtered,0,,live,,,
2025-12-22,choppy,0,0,0,0,0,regime_filtered,0,,live,,,
2025-12-23,choppy,0,0,0,0,0,regime_filtered,0,,live,,,
2025-12-24,choppy,0,0,0,0,0,regime_filtered,0,,live,,,
2025-12-25,choppy,0,0,0,0,0,regime_filtered,0,,live,,,
2025-12-26,choppy,0,0,0,0,0,regime_filtered,0,,live,,,
2025-12-29,choppy,0,0,0,0,0,regime_filtered,0,,live,,,
2025-12-30,choppy,0,0,0,0,0,regime_filtered,0,,live,,,
2025-12-31,choppy,0,0,0,0,0,regime_filtered,0,,live,,,
2026-01-05,choppy,0,0,0,0,0,regime_filtered,0,,live,,,
2026-01-06,bull,2,0,1,1,0,full,25,0.8346,live,,,
2026-01-07,bull,2,1,0,1,0,full,27,0.8191,live,,,
2026-01-08,bull,2,1,1,0,0,full,33,0.8185,live,,,
2026-01-09,bull,2,0,0,1,1,full,25,0.856,live,,,
2026-01-12,bull,2,1,1,0,0,full,25,0.8592,live,,,
2026-01-13,bull,2,1,0,1,0,full,32,0.8217,live,,,
2026-01-14,bull,2,1,0,1,0,full,31,0.7768,live,,,
2026-01-15,bull,2,2,0,0,0,full,30,0.7612,live,,,
2026-01-16,bull,2,1,0,1,0,full,30,0.712,live,,,
2026-01-19,bull,2,2,0,0,0,full,28,0.7521,live,,,
2026-01-20,bull,2,0,1,1,0,full,30,0.7184,live,,,
2026-01-21,bull,2,0,2,0,0,full,30,0.7168,live,,,
2026-01-22,bull,2,1,0,1,0,full,37,0.7286,live,,,
2026-01-23,choppy,0,0,0,0,0,regime_filtered,0,,live,,,
2026-01-26,choppy,0,0,0,0,0,regime_filtered,0,,live,,,
2026-01-27,choppy,0,0,0,0,0,regime_filtered,0,,live,,,
2026-01-28,choppy,0,0,0,0,0,regime_filtered,0,,live,,,
2026-01-29,bull,2,0,1,1,0,full,30,0.5406,live,,,
2026-01-30,choppy,0,0,0,0,0,regime_filtered,0,,live,,,
2026-02-02,bear,0,0,0,0,0,regime_filtered,0,,live,,,
2026-02-03,choppy,0,0,0,0,0,regime_filtered,0,,live,,,
2026-02-04,choppy,0,0,0,0,0,regime_filtered,0,,live,,,
2026-02-05,choppy,0,0,0,0,0,regime_filtered,0,,live,,,
2026-02-06,bear,0,0,0,0,0,regime_filtered,0,,live,,,
2026-02-09,bull,2,0,0,2,0,full,26,0.4332,live,,,
2026-02-10,bull,2,0,0,2,0,full,35,0.4345,live,,,
2026-02-11,bull,2,1,1,0,0,full,43,0.4463,live,,,
2026-02-12,bull,2,0,1,1,0,full,32,0.4292,live,,,
2026-02-13,bear,0,0,0,0,0,regime_filtered,0,,live,,,
2026-02-24,bull,2,1,1,0,0,full,29,0.427,live,,,
2026-02-25,bull,2,0,0,0,2,full,32,0.5484,live,,,
2026-02-26,bull,2,1,1,0,0,full,35,0.5446,live,,,
2026-02-27,bull,2,0,1,1,0,full,37,0.597,live,,,
2026-03-02,bull,2,0,2,0,0,full,35,0.5259,live,,,
2026-03-03,bear,0,0,0,0,0,regime_filtered,0,,live,,,
2026-03-04,bear,0,0,0,0,0,regime_filtered,0,,live,,,
2026-03-05,bear,0,0,0,0,0,regime_filtered,0,,live,,,
2026-03-06,bear,0,0,0,0,0,regime_filtered,0,,live,,,
2026-03-09,bear,0,0,0,0,0,regime_filtered,0,,live,,,
2026-03-10,bear,0,0,0,0,0,regime_filtered,0,,live,,,
2026-03-11,choppy,0,0,0,0,0,regime_filtered,0,,live,,,
2026-03-12,bear,0,0,0,0,0,regime_filtered,0,,live,,,
2026-03-13,bear,0,0,0,0,0,regime_filtered,0,,live,,,
2026-03-16,bear,0,0,0,0,0,regime_filtered,0,,live,,,
2026-03-17,bear,0,0,0,0,0,regime_filtered,0,,live,,,
2026-03-18,bear,0,0,0,0,0,regime_filtered,0,,live,,,
2026-03-19,bear,0,0,0,0,0,regime_filtered,0,,live,,,
2026-03-20,bear,0,0,0,0,0,regime_filtered,0,,live,,,
2026-03-23,bear,0,0,0,0,0,regime_filtered,0,,live,,,
2026-03-24,bear,0,0,0,0,0,regime_filtered,0,,live,,,
2026-03-25,bear,0,0,0,0,0,regime_filtered,0,,live,,,
2026-03-26,bear,0,0,0,0,0,regime_filtered,0,,live,,,
2026-03-27,bear,0,0,0,0,0,regime_filtered,0,,live,,,
2026-03-30,bear,0,0,0,0,0,regime_filtered,0,,live,,,
2026-03-31,bear,0,0,0,0,0,regime_filtered,0,,live,,,
2026-04-01,bear,0,0,0,0,0,regime_filtered,0,,live,,,
2026-04-02,bear,0,0,0,0,0,regime_filtered,0,,live,,,
2026-04-03,bear,0,0,0,0,0,regime_filtered,0,,live,,,
2026-04-07,bear,0,0,0,0,0,regime_filtered,0,,live,,,
2026-04-08,bear,0,0,0,0,0,regime_filtered,0,,live,,,
2026-04-09,bear,0,0,0,0,0,regime_filtered,0,,live,,,
2026-04-10,choppy,0,0,0,0,0,regime_filtered,0,,live,,,
2026-04-13,choppy,0,0,0,0,0,regime_filtered,0,,live,,,
2026-04-14,choppy,0,0,0,0,0,regime_filtered,0,,live,,,
2026-04-15,choppy,0,0,0,0,0,regime_filtered,0,,live,,,
2026-04-16,choppy,0,0,0,0,0,regime_filtered,0,,live,,,
2026-04-17,choppy,0,0,0,0,0,regime_filtered,0,,live,,,
2026-04-20,choppy,0,0,0,0,0,regime_filtered,0,,live,,,
2026-04-21,choppy,0,0,0,0,0,regime_filtered,0,,live,,,
2026-04-22,choppy,0,0,0,0,0,regime_filtered,0,,live,,,
2026-04-23,choppy,0,0,0,0,0,regime_filtered,0,,live,,,
2026-04-24,choppy,0,0,0,0,0,regime_filtered,0,,live,,,
2026-04-27,choppy,0,0,0,0,0,regime_filtered,0,,live,,,
2026-04-28,bull,2,2,0,0,0,full,20,0.4933,live,,,
2026-04-29,bull,2,1,1,0,0,full,21,0.5713,live,,,
2026-04-30,bull,2,2,0,0,0,full,19,0.5673,live,,,
2026-05-06,bull,2,1,0,1,0,full,16,0.647,live,,,
2026-05-07,bull,2,1,0,1,0,full,19,0.655,live,,,
2026-05-08,bull,2,1,1,0,0,full,23,0.6661,live,,,
2026-05-11,bull,2,1,1,0,0,full,22,0.6828,live,,,
2026-05-12,bull,2,1,0,1,0,full,19,0.6153,live,,,
2026-05-13,bull,2,0,2,0,0,full,20,0.619,live,,,
2026-05-14,bull,2,2,0,0,0,full,22,0.4803,live,,,
2026-05-15,bull,2,0,0,2,0,full,22,0.41,live,,,
2026-05-18,bull,2,0,1,1,0,full,18,0.4002,live,,,
2026-05-19,bull,2,0,1,1,0,full,15,0.4374,live,,,
2026-05-20,bull,2,1,1,0,0,full,18,0.3954,live,,,
2026-05-21,choppy,0,0,0,0,0,regime_filtered,0,,live,,,
2026-05-22,choppy,0,0,0,0,0,regime_filtered,0,,live,,,
2026-05-25,bull,2,0,1,1,0,full,14,0.3804,live,,,
2026-05-26,bull,2,0,1,0,1,full,18,0.3512,live,,,
2026-05-27,bull,2,1,1,0,0,selective,12,0.2996,live,,,
2026-05-28,bull,2,0,2,0,0,selective,8,0.2937,live,,,
2026-05-29,bull,2,1,0,0,1,selective,15,0.2439,live,,,
2026-06-01,choppy,0,0,0,0,0,regime_filtered,0,,live,,,
2026-06-02,bull,2,1,1,0,0,selective,3,0.2534,live,,,
2026-06-03,bull,2,1,0,1,0,selective,8,0.2391,live,,,
2026-06-04,bull,2,0,2,0,0,selective,12,0.2333,live,,,
2026-06-05,choppy,0,0,0,0,0,regime_filtered,0,,live,,,
2026-06-08,bear,0,0,0,0,0,regime_filtered,0,,live,,,
2026-06-09,choppy,0,0,0,0,0,regime_filtered,0,,live,,,
2026-06-10,bear,0,0,0,0,0,regime_filtered,0,,live,,,
2026-06-11,bear,0,0,0,0,0,regime_filtered,0,,live,,,
2026-06-12,bear,0,0,0,0,0,regime_filtered,0,,live,,,
2026-06-15,bull,2,1,1,0,0,selective,6,0.3499,live,,,
2026-06-16,bull,2,1,1,0,0,full,13,0.3664,live,,,
2026-06-17,bull,2,1,0,1,0,full,14,0.3743,live,,,
2026-06-18,bull,2,0,1,1,0,full,13,0.351,live,,,
2026-06-22,bull,2,2,0,0,0,full,10,0.4125,live,,,
2026-06-23,bull,2,0,2,0,0,full,17,0.3754,live,,,
2026-06-24,bull,2,0,2,0,0,full,12,0.3747,live,,,
2026-06-25,bull,2,0,2,0,0,full,14,0.3646,live,,,
2026-06-26,choppy,0,0,0,0,0,regime_filtered,0,,live,,,
2026-06-29,bull,2,0,2,0,0,selective,7,0.3289,live,,,
2026-06-30,bull,2,0,2,0,0,full,11,0.3602,live,,,
2026-07-01,bull,2,0,1,1,0,full,14,0.4253,live,,,
2026-07-02,bear,0,0,0,0,0,regime_filtered,0,,live,,,
2026-07-03,bear,0,0,0,0,0,regime_filtered,0,,live,,,
2026-07-06,bear,0,0,0,0,0,regime_filtered,0,,live,,,
2026-07-07,bear,0,0,0,0,0,regime_filtered,0,,live,,,
2026-07-08,bear,0,0,0,0,0,regime_filtered,0,,live,,,
2026-07-09,choppy,0,0,0,0,0,regime_filtered,0,,live,,,
2026-07-10,bear,0,0,0,0,0,regime_filtered,0,,live,,,
2026-07-13,bear,0,0,0,0,0,regime_filtered,0,,live,,,
2026-07-14,bear,0,0,0,0,0,regime_filtered,0,,live,,,
2026-07-15,bear,0,0,0,0,0,regime_filtered,0,,live,,,
2026-07-16,bear,0,0,0,0,0,regime_filtered,0,,live,,,
2026-07-17,bear,0,0,0,0,0,regime_filtered,0,,live,,,
2026-07-20,bear,0,0,0,0,0,regime_filtered,0,,live,,,
2026-07-21,bear,0,0,0,0,0,regime_filtered,0,,live,,,
2026-07-22,bear,0,0,0,0,0,regime_filtered,0,,live,,,
2026-07-23,bear,0,0,0,0,0,regime_filtered,0,,live,,,
2026-07-24,bear,0,0,0,0,0,regime_filtered,0,,live,,,
2026-07-27,bear,0,0,0,0,0,regime_filtered,0,,live,,,
2026-07-28,bear,0,0,0,0,0,regime_filtered,0,,live,,,
2026-07-29,bear,0,0,0,0,0,regime_filtered,0,,live,,,
2026-07-30,bear,0,0,0,0,0,regime_filtered,0,,live,,,
2026-07-31,bear,0,0,0,0,0,regime_filtered,0,,live,,,
2026-08-03,bear,0,0,0,0,0,regime_filtered,0,,live,,,
2026-08-04,bear,0,0,0,0,0,regime_filtered,0,,live,,,
2026-08-05,bear,0,0,0,0,0,regime_filtered,0,,live,,,
2026-08-06,bear,0,0,0,0,0,regime_filtered,0,,live,,,
2026-08-07,bear,0,0,0,0,0,regime_filtered,0,,live,,,
2026-08-10,bear,0,0,0,0,0,regime_filtered,0,,live,,,
2026-08-11,bear,0,0,0,0,0,regime_filtered,0,,live,,,
