ts_code,circ_mv,list_date,delist_date
600519.SH,278624672.0400,2001-08-27,
601398.SH,140467962.7328,2006-10-27,
600036.SH,120039827.6324,2002-04-09,
000858.SZ,119612816.9402,1998-04-27,
601288.SH,95862025.8127,2010-07-15,
601318.SH,77778531.0956,2007-03-01,
601628.SH,75797649.2000,2007-01-09,
601857.SH,74807999.9519,2007-11-05,
601988.SH,70184916.4437,2006-07-05,
601888.SH,65310306.9468,2009-10-15,
300750.SZ,58907288.7365,2018-06-11,
603288.SH,57821820.5094,2014-02-11,
000333.SZ,55737177.4782,2013-09-18,
002415.SZ,53885106.8630,2010-05-28,
000001.SZ,46961925.8295,1991-04-03,
600276.SH,45793063.7396,2000-10-18,
601166.SH,45330844.0234,2007-02-05,
600900.SH,45165332.4308,2003-11-18,
600028.SH,42236534.8023,2001-08-08,
000568.SZ,40261108.7297,1994-05-09,
600809.SH,40182127.3083,1994-01-06,
601012.SH,39475016.7482,2012-04-11,
603259.SH,35335301.3517,2018-05-08,
000651.SZ,33602283.9999,1996-11-18,
601088.SH,32949093.8341,2007-10-09,
002352.SZ,31203185.5443,2010-02-05,
600000.SH,30144652.3111,1999-11-10,
300015.SZ,28801481.9488,2009-10-30,
002475.SZ,27401385.3399,2010-09-15,
300059.SZ,27216495.1831,2010-03-19,
002304.SZ,27170948.0731,2009-11-06,
000002.SZ,25945867.2176,1991-01-29,
600031.SH,25701735.5933,2003-07-03,
600030.SH,25626081.6987,2003-01-06,
002142.SZ,25076528.9881,2007-07-19,
300760.SZ,24108184.9512,2018-10-16,
600887.SH,24011529.9653,1996-03-12,
600104.SH,23694059.6482,1997-11-25,
603501.SH,23627760.1485,2017-05-04,
601601.SH,23546942.6052,2007-12-25,
600436.SH,23161347.6919,2003-06-16,
002714.SZ,22588829.5418,2014-01-28,
601633.SH,22433929.5021,2011-09-28,
601899.SH,22056079.2994,2008-04-25,
000725.SZ,21195345.8676,2001-01-12,
002594.SZ,20478894.1595,2011-06-30,
300014.SZ,20300556.4386,2009-10-30,
601668.SH,19875201.0107,2009-07-29,
600585.SH,19610541.7448,2002-02-07,
601328.SH,19232923.3674,2007-05-15,
600346.SH,19160429.6175,2001-08-20,
600690.SH,19032903.3571,1993-11-19,
601919.SH,18500653.9295,2007-06-26,
601998.SH,17911708.2645,2007-04-27,
300122.SZ,17575203.3680,2010-09-28,
600019.SH,17503334.5084,2000-12-12,
600438.SH,17207164.8599,2004-03-02,
600016.SH,16738122.1565,2000-12-19,
002493.SZ,16586084.9842,2010-11-02,
600048.SH,16182754.9254,2006-07-31,
601818.SH,15838267.4766,2010-08-18,
601816.SH,15795985.7915,2020-01-16,
000661.SZ,15600009.4338,1996-12-18,
600309.SH,15487622.3368,2001-01-05,
600999.SH,15289330.8603,2009-11-17,
002027.SZ,15030149.4067,2004-08-04,
601766.SH,14718317.8190,2008-08-18,
600406.SH,14289412.3572,2003-10-16,
600196.SH,13956048.8323,1998-08-07,
300124.SZ,13597140.4433,2010-09-28,
600050.SH,13378705.2322,2002-10-09,
601211.SH,13313342.0196,2015-06-26,
002311.SZ,13113549.2113,2009-11-27,
002230.SZ,12888438.4146,2008-05-12,
300433.SZ,12751035.4692,2015-03-18,
601688.SH,12554903.7214,2010-02-26,
000063.SZ,12127561.6688,1997-11-18,
601225.SH,11880000.0000,2014-01-28,
600588.SH,11785172.3080,2001-05-18,
603799.SH,11783525.2560,2015-01-29,
601229.SH,11661980.6322,2016-11-16,
002241.SZ,11596299.7921,2008-05-22,
600893.SH,11381844.1077,1996-04-08,
600703.SH,11285001.7758,1996-05-28,
600763.SH,11254464.0000,1996-10-30,
600919.SH,11196699.2863,2016-08-02,
002460.SZ,11095561.2227,2010-08-10,
601390.SH,10975947.6735,2007-12-03,
601155.SH,10940553.6315,2015-12-04,
002271.SZ,10903516.7112,2008-09-10,
600760.SH,10875776.9454,1996-10-11,
600018.SH,10868453.4109,2006-10-26,
002812.SZ,10843981.0648,2016-09-14,
000166.SZ,10794508.0044,2015-01-26,
601336.SH,10627398.8766,2011-12-16,
300274.SZ,10549262.2132,2011-11-02,
300142.SZ,10544298.6842,2010-11-12,
600660.SH,10473615.5300,1993-06-10,
000100.SZ,10421302.0662,2004-01-30,
601100.SH,10403719.2000,2011-10-28,
601169.SH,10381205.2776,2007-09-19,
603993.SH,10263813.8707,2012-10-09,
603486.SH,10215273.1800,2018-05-28,
601006.SH,10183752.1713,2006-08-01,
300347.SZ,9932769.2732,2012-08-17,
600837.SH,9924733.3244,1994-02-24,2025-03-04
000625.SZ,9923350.4333,1997-06-10,
002736.SZ,9886372.8813,2014-12-29,
600025.SH,9846000.0000,2017-12-15,
600570.SH,9801923.9986,2003-12-16,
000776.SZ,9470866.3424,1997-06-11,
300601.SZ,9448876.2575,2017-02-07,
000596.SZ,9394364.0000,1996-09-27,
000963.SZ,9242241.8434,2000-01-27,
001979.SZ,9189131.3176,2015-12-30,
603833.SH,8928984.6292,2017-03-28,
601009.SH,8906318.3202,2007-07-19,
601186.SH,8788479.5620,2008-03-10,
002821.SZ,8690258.4400,2016-11-18,
300450.SZ,8677374.8142,2015-05-18,
002709.SZ,8650519.6998,2014-01-23,
002371.SZ,8645011.9798,2010-03-16,
688111.SH,8460122.4792,2019-11-18,
002049.SZ,8444478.8427,2005-06-06,
002129.SZ,8441300.8570,2007-04-20,
002466.SZ,8395644.9291,2010-08-31,
601111.SH,8378152.8615,2006-08-18,
600132.SH,8365442.1574,1997-10-30,
601901.SH,8355582.9159,2011-08-10,
600926.SH,8328327.1611,2016-10-27,
603986.SH,8320137.6512,2016-08-18,
601360.SH,8285967.5796,2012-01-16,
601238.SH,8280018.2856,2012-03-29,
600015.SH,8244987.5179,2003-09-12,
002179.SZ,8234176.3699,2007-11-01,
300782.SZ,8138761.0865,2019-06-18,
002001.SZ,8136031.1711,2004-06-25,
601985.SH,8109610.1498,2015-06-10,
000799.SZ,8012748.6468,1997-07-18,
600111.SH,7981846.0020,1997-09-24,
601800.SH,7952878.3827,2012-03-09,
002050.SZ,7857264.0360,2005-06-07,
000786.SZ,7771736.0732,1997-06-06,
603899.SH,7751920.0000,2015-01-27,
600741.SH,7733631.9328,1996-08-26,
000768.SZ,7730039.2392,1997-06-26,
000617.SZ,7711668.2382,1996-10-22,
601989.SH,7606105.3732,2009-12-16,2025-09-05
600745.SH,7566791.3702,1996-08-28,
000538.SZ,7563216.9799,1993-12-15,
000338.SZ,7559126.4843,2007-04-30,
600547.SH,7557488.8021,2003-08-28,
603806.SH,7535456.8234,2014-09-05,
603369.SH,7471802.0000,2014-07-03,
601377.SH,7426608.8865,2010-10-13,
600600.SH,7302917.4968,1993-08-27,
601881.SH,7200488.1965,2017-01-23,
002410.SZ,7181764.3260,2010-05-25,
600606.SH,7081865.8521,1992-03-27,
300454.SZ,7064779.0829,2018-05-16,
000157.SZ,7034284.5289,2000-10-12,
603882.SH,6964912.6922,2017-09-08,
688036.SH,6927310.0872,2019-09-30,
601877.SH,6916464.9136,2010-01-21,
300413.SZ,6873412.1065,2015-01-21,
601600.SH,6840163.7521,2007-04-30,
300498.SZ,6761162.4535,2015-11-02,
600886.SH,6722067.7799,1996-01-18,
601939.SH,6648404.7210,2007-09-25,
000876.SZ,6586928.3810,1998-03-11,
601898.SH,6571136.2872,2008-02-01,
601788.SH,6563254.0495,2009-08-18,
600176.SH,6529116.0034,1999-04-22,
601966.SH,6524716.9577,2016-07-06,
300408.SZ,6509479.0884,2014-12-03,
600702.SH,6468891.8064,1996-05-24,
603659.SH,6451098.7219,2017-11-03,
002007.SZ,6354012.0908,2004-06-25,
601658.SH,6313698.3941,2019-12-10,
600779.SH,6228311.1170,1996-12-06,
300595.SZ,6198268.6041,2017-01-17,
688981.SH,6165239.4310,2020-07-16,
603737.SH,6152415.8532,2016-06-03,
002920.SZ,6107183.9500,2017-12-26,
600958.SH,6092243.5028,2015-03-23,
603260.SH,6004138.0000,2017-10-30,
688169.SH,5986530.7028,2020-02-21,
601021.SH,5979002.7396,2015-01-21,
603345.SH,5924389.8740,2017-02-22,
600426.SH,5916226.3296,2002-06-20,
000069.SZ,5884952.6496,1997-09-10,
600061.SH,5871511.8181,1997-05-19,
601727.SH,5834105.7894,2008-12-05,
600143.SH,5806092.0058,2004-06-23,
603160.SH,5790809.6014,2016-10-17,
600085.SH,5784861.5651,1997-06-25,
601127.SH,5783747.7833,2016-06-15,
000938.SZ,5765921.0260,1999-11-04,
000027.SZ,5651779.2202,1993-09-03,
600845.SH,5575171.9047,1994-03-11,
600362.SH,5445449.1907,2002-01-11,
601933.SH,5415839.8054,2010-12-15,
600009.SH,5411614.6888,1998-02-18,
601618.SH,5409343.6085,2009-09-21,
002648.SZ,5386398.5157,2011-12-28,
002340.SZ,5362009.4170,2010-01-22,
601018.SH,5361349.0583,2010-09-28,
600115.SH,5316199.2396,1997-11-05,
601799.SH,5315435.9055,2011-02-01,
600298.SH,5288951.4922,2000-08-18,
600183.SH,5249575.5553,1998-10-28,
000895.SZ,5243638.8817,1998-12-10,
603517.SH,5217182.3175,2017-03-17,
300316.SZ,5201068.7242,2012-05-11,
603658.SH,5200234.9107,2016-09-01,
600010.SH,5195062.7003,2001-03-09,
600460.SH,5194451.9298,2003-03-11,
600674.SH,5171109.1652,1993-09-24,
600029.SH,5167071.8647,2003-07-25,
002024.SZ,5160304.5386,2004-07-21,
300759.SZ,5133910.6286,2019-01-28,
002841.SZ,5132077.1793,2017-01-19,
002601.SZ,5120235.8400,2011-07-15,
300012.SZ,5091167.5398,2009-10-30,
300003.SZ,5081968.9989,2009-10-30,
603816.SH,5071524.7399,2016-10-14,
600754.SH,5024131.7966,1996-10-11,
600023.SH,4964251.8456,2013-12-19,
603233.SH,4925180.2676,2017-07-31,
601233.SH,4874728.6398,2011-05-18,
601838.SH,4856009.0112,2018-01-31,
600383.SH,4848662.7563,2001-04-12,
300496.SZ,4804986.6890,2015-12-10,
600219.SH,4804093.5710,1999-12-23,
601878.SH,4803065.1591,2017-06-26,
601216.SH,4767479.8254,2011-02-22,
002414.SZ,4766263.1999,2010-07-16,
603939.SH,4764309.2506,2015-02-17,
600795.SH,4755396.2785,1997-03-18,
600584.SH,4711859.4704,2003-06-03,
000425.SZ,4693670.0974,1996-08-28,
600011.SH,4630035.8759,2001-12-06,
600352.SH,4629491.2368,2003-08-01,
300558.SZ,4538354.9728,2016-11-07,
600332.SH,4538215.9834,2001-02-06,
601636.SH,4523589.3270,2011-08-12,
002236.SZ,4519074.1318,2008-05-20,
002568.SZ,4517325.2593,2011-03-25,
000066.SZ,4488618.4276,1997-06-26,
601066.SH,4472315.0000,2018-06-20,
601607.SH,4468900.9818,1994-03-24,
002044.SZ,4458004.2778,2005-05-18,
300529.SZ,4441140.8808,2016-08-02,
600089.SH,4431175.1573,1997-06-18,
601669.SH,4346316.6006,2011-10-18,
002032.SZ,4305767.8936,2004-08-17,
000783.SZ,4296762.8959,1997-07-31,
600161.SH,4280149.8532,1998-06-16,
600489.SH,4249232.0185,2003-08-14,
000977.SZ,4247122.5557,2000-06-08,
002511.SZ,4245188.5333,2010-11-25,
002074.SZ,4230022.4288,2006-10-18,
000703.SZ,4219688.8911,1997-03-28,
600862.SH,4209794.4014,1994-05-20,
600150.SH,4197602.7386,1998-05-20,
600885.SH,4197476.1071,1996-02-05,
300207.SZ,4191988.7463,2011-04-21,
002916.SZ,4189702.8562,2017-12-13,
002202.SZ,4146836.8431,2007-12-26,
002013.SZ,4141079.5656,2004-07-05,2023-03-17
002508.SZ,4122912.4442,2010-11-23,
300661.SZ,4116071.1572,2017-06-06,
601808.SH,4094327.2440,2007-09-28,
600236.SH,4083071.7014,2000-03-23,
600109.SH,4064738.9126,1997-08-07,
601689.SH,4058537.8704,2015-03-19,
002120.SZ,4043607.5774,2007-03-06,
603156.SH,4041986.5584,2018-02-12,
601108.SH,4041214.0000,2017-10-24,
603589.SH,4029000.0000,2015-06-29,
600188.SH,4027045.2172,1998-07-01,
603019.SH,4001110.5103,2014-11-06,
603707.SH,3996586.4978,2017-07-19,
600872.SH,3991152.3419,1995-01-24,
002607.SZ,3986468.5721,2011-08-10,
300285.SZ,3943423.2991,2012-01-13,
600315.SH,3940228.4661,2001-03-15,
300144.SZ,3913832.6670,2010-12-09,
000807.SZ,3905846.2908,1998-04-08,
002624.SZ,3891978.3700,2011-10-28,
603025.SH,3871940.9862,2015-04-22,
603127.SH,3863609.8492,2017-08-25,
000516.SZ,3830864.2824,1993-08-09,
600079.SH,3826922.0618,1997-06-06,
600377.SH,3821193.9160,2001-01-16,
002252.SZ,3803793.9697,2008-06-23,
002080.SZ,3779134.3112,2006-11-20,
000825.SZ,3741973.2084,1998-10-21,
002078.SZ,3730893.7210,2006-11-16,
002008.SZ,3727881.1350,2004-06-25,
000860.SZ,3722928.5178,1998-11-04,
300628.SZ,3681386.8936,2017-03-17,
300699.SZ,3666170.2000,2017-09-01,
002294.SZ,3657864.1863,2009-09-10,
600704.SH,3649833.2508,1996-06-06,
601138.SH,3638516.2449,2018-06-08,
600118.SH,3632606.6227,1997-09-08,
300999.SZ,3612830.4208,2020-10-15,
603444.SH,3610978.1443,2017-01-04,
601231.SH,3598686.6768,2012-02-20,
002739.SZ,3593040.0518,2015-01-22,
600221.SH,3583048.5947,1999-11-25,
600827.SH,3565087.7222,1994-02-04,
603456.SH,3562670.8514,2014-10-10,
002555.SZ,3562360.3805,2011-03-02,
600157.SH,3554842.2632,1998-05-13,
002444.SZ,3552892.0654,2010-07-13,
600705.SH,3537043.1745,1996-05-16,2025-05-27
300677.SZ,3526557.8889,2017-07-21,
300251.SZ,3521772.1845,2011-08-03,
002185.SZ,3508901.0680,2007-11-20,
000898.SZ,3486209.9436,1997-12-25,
000987.SZ,3472708.2142,2000-07-18,
600482.SH,3470963.4128,2004-07-14,
000728.SZ,3467361.6776,1997-06-16,
600177.SH,3457865.2208,1998-11-19,
600233.SH,3457620.6136,2000-06-08,
000883.SZ,3454089.3610,1998-05-19,
603638.SH,3451763.7440,2017-01-20,
601319.SH,3450565.2837,2018-11-16,
603605.SH,3431132.6187,2017-11-15,
603392.SH,3423484.0425,2020-04-29,
600486.SH,3421593.8322,2002-04-25,
601555.SH,3403215.0823,2011-12-12,
002602.SZ,3398964.5748,2011-07-28,
603198.SH,3394400.0000,2015-05-28,
601991.SH,3359340.1477,2006-12-20,
000932.SZ,3358103.9440,1999-08-03,
600663.SH,3355879.8874,1993-06-28,
300896.SZ,3341307.6132,2020-09-28,
002372.SZ,3329606.8879,2010-03-18,
603866.SH,3326082.7440,2015-12-22,
601168.SH,3290923.0000,2007-07-12,
600516.SH,3284552.4276,2002-08-30,
600739.SH,3275108.7161,1996-08-19,
600068.SH,3255577.6303,1997-05-26,2021-09-13
300146.SZ,3253129.3755,2010-12-15,
600522.SH,3250123.6163,2002-10-24,
300033.SZ,3247089.9371,2009-12-25,
002030.SZ,3245472.3223,2004-08-09,
600299.SH,3220963.4289,2000-04-20,
300357.SZ,3218739.9888,2014-01-21,
600998.SH,3213565.9367,2010-11-02,
688012.SH,3209865.1578,2019-07-22,
002430.SZ,3209297.2336,2010-06-10,
300676.SZ,3194688.3501,2017-07-14,
600038.SH,3183763.7431,2000-12-18,
000656.SZ,3182308.9866,1996-11-28,
002507.SZ,3163429.8993,2010-11-23,
601198.SH,3144075.1490,2015-02-26,
603338.SH,3137207.7598,2015-03-25,
002925.SZ,3121606.8880,2018-01-15,
601117.SH,3112723.0000,2010-01-07,
601699.SH,3105082.7496,2006-09-22,
002673.SZ,3088622.6771,2012-05-03,
600372.SH,3083214.6097,2001-07-06,
600521.SH,3075041.4114,2003-03-04,
000739.SZ,3073263.7340,1997-05-09,
600392.SH,3071542.3673,2003-05-29,
601828.SH,3068802.9350,2018-01-17,
600350.SH,3059901.4851,2002-03-18,
600398.SH,3049632.7484,2000-12-28,
600637.SH,3049148.6795,1993-03-16,
002299.SZ,3043646.6556,2009-10-21,
000630.SZ,3042129.7373,1996-11-20,
601880.SH,3021395.4275,2010-12-06,
688005.SH,3008085.0734,2019-07-22,
000301.SZ,2997775.0504,2000-05-29,
000513.SZ,2994246.1420,1993-10-28,
600895.SH,2985873.4524,1996-04-22,
600399.SH,2985759.4000,2000-12-29,
000708.SZ,2984200.0731,1997-03-26,
603885.SH,2974057.3044,2015-05-27,
601872.SH,2973510.3890,2006-12-01,
300253.SZ,2971746.2558,2011-08-18,
600801.SH,2968898.0839,1994-01-03,
600316.SH,2953794.6749,2000-12-15,
002797.SZ,2950533.6000,2016-05-11,
300363.SZ,2944526.4760,2014-01-29,
603678.SH,2943062.5280,2015-01-26,
600066.SH,2940111.2881,1997-05-08,
000733.SZ,2933362.4114,1997-07-03,
600733.SH,2923093.6558,1996-08-16,
603568.SH,2913922.1758,2015-05-28,
002157.SZ,2912603.6847,2007-08-17,
002603.SZ,2895215.6181,2011-07-28,
002152.SZ,2892242.2377,2007-08-13,
000050.SZ,2884491.8663,1995-03-15,
600380.SH,2880158.1485,2001-06-08,
600884.SH,2873436.2892,1996-01-30,
600390.SH,2869765.7628,2001-01-15,
002626.SZ,2860058.5413,2011-10-28,
600536.SH,2846703.3732,2002-05-17,
600882.SH,2844697.8628,1995-12-06,
600549.SH,2840213.3240,2002-11-07,
600989.SH,2833857.6700,2019-05-16,
600988.SH,2829232.6105,2004-04-14,
600563.SH,2827800.0000,2002-12-10,
000723.SZ,2826803.8990,1997-05-15,
002791.SZ,2820554.7828,2016-03-29,
601916.SH,2818279.7660,2019-11-26,
603712.SH,2812396.0000,2018-02-26,
600027.SH,2810281.3533,2005-02-03,
300308.SZ,2807973.2314,2012-04-10,
300223.SZ,2807038.4141,2011-05-31,
002558.SZ,2803766.2058,2011-03-02,
002625.SZ,2783111.6070,2011-11-03,
600415.SH,2781482.4439,2002-05-09,
000983.SZ,2773350.5277,2000-07-26,
600642.SH,2772191.3344,1993-04-16,
600369.SH,2766103.4708,2001-01-09,
000959.SZ,2746007.0626,1999-12-16,
600598.SH,2744737.7795,2002-03-29,
601058.SH,2738017.0615,2011-06-30,
002405.SZ,2715764.1248,2010-05-18,
003816.SZ,2711710.8916,2019-08-26,
688126.SH,2711053.1219,2020-04-20,
600208.SH,2708424.1551,1999-06-23,
000960.SZ,2701748.9576,2000-02-21,
600160.SH,2688947.0967,1998-06-26,
603858.SH,2686139.1753,2016-11-18,
600688.SH,2675016.9275,1993-11-08,
300037.SZ,2673720.5176,2010-01-08,
600871.SH,2659598.1960,1995-04-11,
002461.SZ,2658193.0925,2010-08-18,
600258.SH,2656710.9936,2000-06-01,
002180.SZ,2648313.6526,2007-11-13,
300001.SZ,2642391.5092,2009-10-30,
603225.SH,2639979.2408,2017-04-18,
000021.SZ,2639839.5052,1994-02-02,
600848.SH,2634428.8460,1994-03-24,
000709.SZ,2632989.3650,1997-04-16,
603218.SH,2626967.4955,2016-12-28,
601158.SH,2625600.0000,2010-03-29,
600559.SH,2621873.9114,2002-10-29,
002463.SZ,2616606.7814,2010-08-18,
600039.SH,2610409.9437,2003-03-25,
000009.SZ,2610113.2215,1991-06-25,
000975.SZ,2605496.7311,2000-06-08,
002156.SZ,2603191.0228,2007-08-16,
000961.SZ,2602413.9613,2000-03-01,2024-07-11
600707.SH,2591230.8632,1996-05-20,
600170.SH,2591179.7388,1998-06-23,
002557.SZ,2590770.0000,2011-03-02,
002901.SZ,2583895.8268,2017-09-22,
000999.SZ,2549698.1726,2000-03-09,
002705.SZ,2539607.7751,2014-01-21,
000718.SZ,2538703.2883,1997-04-08,
002500.SZ,2537968.4837,2010-11-15,
002223.SZ,2535596.4638,2008-04-18,
600499.SH,2534569.5631,2002-10-10,
688008.SH,2526402.5586,2019-07-22,
002384.SZ,2524740.0174,2010-04-09,
600867.SH,2519559.1566,1994-08-24,
688363.SH,2511832.0360,2019-11-06,
002429.SZ,2508936.1868,2010-06-10,
601099.SH,2501588.1078,2007-12-28,
600859.SH,2499526.1270,1994-05-06,
601077.SH,2490773.1676,2019-10-29,
300073.SZ,2482403.3830,2010-04-27,
002608.SZ,2482198.3655,2011-08-10,
603877.SH,2479461.2358,2017-01-09,
600166.SH,2478847.4017,1998-06-02,
600699.SH,2461184.2386,1993-12-06,
002242.SZ,2457419.0075,2008-05-28,
002747.SZ,2453481.8582,2015-03-20,
002146.SZ,2448841.0303,2007-08-08,
600497.SH,2438728.6611,2004-04-20,
600271.SH,2425380.9157,2003-07-11,
601567.SH,2419562.9975,2011-06-15,
002064.SZ,2419512.3144,2006-08-23,
002353.SZ,2418461.5134,2010-02-05,
000750.SZ,2417367.2303,1997-07-09,
600977.SH,2410297.0000,2016-08-09,
601997.SH,2405584.2859,2016-08-16,
601005.SH,2405196.3442,2007-02-28,
002422.SZ,2404244.8113,2010-06-03,
600004.SH,2398342.4757,2003-04-28,
000423.SZ,2384000.2232,1996-07-29,
000830.SZ,2383462.6308,1998-08-07,
000878.SZ,2380729.1973,1998-06-02,
002385.SZ,2378684.2230,2010-04-09,
000738.SZ,2376044.4473,1997-06-26,
601696.SH,2361890.2080,2020-02-26,
000039.SZ,2353572.3706,1994-04-08,
600153.SH,2344710.8383,1998-06-16,
603883.SH,2341835.3867,2015-04-23,
601866.SH,2339976.8750,2007-12-12,
002250.SZ,2335935.1949,2008-06-19,
300383.SZ,2335867.8124,2014-01-29,
002456.SZ,2334550.9373,2010-08-03,
601118.SH,2332288.1494,2011-01-07,
600487.SH,2314027.1756,2003-08-22,
000547.SZ,2311742.2991,1993-11-30,
002081.SZ,2311070.1598,2006-11-20,
002153.SZ,2309927.6317,2007-08-13,
601615.SH,2309049.7470,2019-01-23,
300482.SZ,2304053.9556,2015-06-30,
000402.SZ,2303467.3915,1996-06-26,
600297.SH,2303350.0716,2000-11-16,2024-08-28
600529.SH,2301335.2454,2002-06-03,
601992.SH,2300227.6809,2011-03-01,
600655.SH,2297181.3149,1992-09-02,
002497.SZ,2294948.0906,2010-11-09,
300136.SZ,2292194.5067,2010-11-05,
000636.SZ,2290901.5310,1996-11-29,
002212.SZ,2286795.6009,2008-02-01,
688002.SH,2284998.4143,2019-07-22,
002439.SZ,2282772.9109,2010-06-23,
002025.SZ,2279596.9732,2004-07-26,
002465.SZ,2264513.0742,2010-08-31,
600909.SH,2263157.1700,2016-12-06,
600201.SH,2261201.7456,1999-01-15,
000671.SZ,2259517.2897,1996-12-18,2023-08-16
002563.SZ,2251531.5817,2011-03-11,
601990.SH,2243933.9949,2018-06-13,
002138.SZ,2242654.8111,2007-06-13,
600875.SH,2236528.4122,1995-10-10,
600007.SH,2236167.2255,1999-03-12,
603919.SH,2226112.6559,2016-03-10,
600305.SH,2218538.7428,2001-02-06,
000615.SZ,2217750.1014,1996-10-16,
002056.SZ,2210318.9994,2006-08-02,
300725.SZ,2207904.8150,2017-11-10,
600808.SH,2202100.1876,1994-01-06,
600535.SH,2196391.3645,2002-08-23,
600256.SH,2181552.5879,2000-05-26,
000933.SZ,2170369.2870,1999-08-31,
002459.SZ,2164879.9773,2010-08-10,
603228.SH,2158742.2030,2017-01-06,
002408.SZ,2158103.7839,2010-05-18,
600008.SH,2150793.0684,2000-04-27,
601179.SH,2147744.7055,2010-01-28,
600803.SH,2147684.5529,1994-01-03,
002092.SZ,2144235.0416,2006-12-08,
002240.SZ,2133701.9377,2008-05-23,
300115.SZ,2131500.2021,2010-09-02,
300751.SZ,2130369.8584,2018-11-09,
603515.SH,2129368.2767,2016-08-19,
603355.SH,2128508.0000,2015-05-13,
000988.SZ,2122719.9460,2000-06-08,
600340.SH,2114091.7987,2003-12-30,
002075.SZ,2111880.5858,2006-10-25,
002065.SZ,2108676.2663,2006-08-23,
603027.SH,2106924.8279,2016-03-07,
300373.SZ,2104224.9921,2014-01-23,
600409.SH,2101507.7381,2003-06-18,
600737.SH,2100543.2662,1996-07-31,
600167.SH,2086764.9612,1999-01-28,
000686.SZ,2080662.6414,1997-02-27,
603000.SH,2078699.1853,2012-04-27,
000951.SZ,2075652.9144,1999-11-25,
603868.SH,2073456.0000,2016-04-18,
603826.SH,2059200.0000,2017-04-14,
002010.SZ,2055993.1061,2004-06-29,
002399.SZ,2054141.2065,2010-05-06,
600578.SH,2050028.6818,2002-05-10,
688396.SH,2047192.0148,2020-02-27,
600498.SH,2046961.3720,2001-08-23,
688208.SH,2046687.2750,2020-02-13,
002145.SZ,2042888.9092,2007-08-03,
603613.SH,2038733.7462,2019-07-30,
601212.SH,2036312.9905,2017-02-15,
600966.SH,2036013.8506,2004-06-08,
603267.SH,2027341.5341,2019-05-15,
601139.SH,2022341.5373,2009-12-25,
603005.SH,2019341.7684,2014-02-10,
600511.SH,2015287.6762,2002-11-27,
000012.SZ,2012823.0429,1992-02-28,
603128.SH,2012644.5864,2012-05-29,
002127.SZ,2006739.1535,2007-04-18,
300088.SZ,2003286.1901,2010-05-26,
000540.SZ,2000583.4802,1994-02-02,2023-06-30
000155.SZ,1995170.0000,2000-09-26,
600597.SH,1994387.9727,2002-08-28,
601995.SH,1990276.2600,2020-11-02,
000401.SZ,1988558.6347,1996-06-14,
600155.SH,1988313.2487,1998-09-18,
601228.SH,1988010.7800,2017-03-29,
600879.SH,1987787.3086,1995-11-15,
300685.SZ,1984953.5532,2017-08-02,
600507.SH,1977006.3545,2003-09-30,
601236.SH,1976392.9595,2019-07-05,
600515.SH,1973371.4855,2002-08-06,
600873.SH,1969508.3785,1995-02-17,
000581.SZ,1965581.0744,1998-09-24,
601958.SH,1961775.4752,2008-04-17,
600711.SH,1960653.4990,1996-05-31,
601162.SH,1957624.7684,2018-10-19,
002192.SZ,1956616.8416,2007-12-05,
603026.SH,1955253.9600,2015-05-29,
300724.SZ,1955021.7120,2018-08-10,
600323.SH,1954387.1090,2000-12-25,
002867.SZ,1954245.8894,2017-04-27,
002389.SZ,1951902.6515,2010-04-13,
600583.SH,1945396.1120,2002-02-05,
002541.SZ,1944117.0710,2011-01-18,
002600.SZ,1942003.9610,2011-07-15,
601611.SH,1937265.5866,2016-06-06,
600456.SH,1924578.4761,2002-04-12,
601928.SH,1923944.4000,2011-11-30,
002597.SZ,1920133.9941,2011-07-07,
600022.SH,1915646.1828,2004-06-29,
300418.SZ,1914831.0601,2015-01-21,
000729.SZ,1912283.2859,1997-07-16,
600612.SH,1907414.4245,1992-08-14,
601106.SH,1906463.6537,2010-02-09,
300623.SZ,1901204.8433,2017-03-14,
300463.SZ,1896425.6342,2015-05-28,
000553.SZ,1896225.7585,1993-12-03,
603733.SH,1895535.5342,2018-04-20,
300244.SZ,1894232.5864,2011-07-19,
002203.SZ,1893598.7254,2008-01-16,
002926.SZ,1891238.5427,2018-02-05,
600500.SH,1887417.7810,2000-03-01,
002683.SZ,1886584.5904,2012-06-12,
603290.SH,1872075.9707,2020-02-04,
600782.SH,1871780.2226,1996-12-25,
688122.SH,1871329.2520,2019-07-22,
600528.SH,1868324.8855,2001-05-28,
002128.SZ,1868154.3688,2007-04-18,
600223.SH,1860876.6550,2000-01-13,
002390.SZ,1847741.1603,2010-04-16,
002670.SZ,1839256.1550,2012-04-16,
688139.SH,1837790.4204,2019-10-25,
300009.SZ,1826132.6491,2009-10-30,
600126.SH,1823682.1048,1998-03-11,
601016.SH,1823539.7642,2014-09-29,
000623.SZ,1821375.9154,1996-10-28,
002612.SZ,1817745.5994,2011-08-30,
600418.SH,1815686.3202,2001-08-24,
688099.SH,1814119.1345,2019-08-08,
600967.SH,1807906.0442,2004-05-18,
600100.SH,1805014.4612,1997-06-27,
603129.SH,1804665.1182,2017-08-18,
002221.SZ,1802823.6045,2008-03-06,
002402.SZ,1802448.2074,2010-05-11,
000831.SZ,1796007.7242,1998-09-11,
000869.SZ,1795251.3072,2000-10-26,
601128.SH,1794390.3069,2016-09-30,
000998.SZ,1779697.2659,2000-12-11,
300168.SZ,1779455.4840,2011-01-25,
000818.SZ,1772949.2627,1997-10-17,
300070.SZ,1770106.8801,2010-04-21,
002407.SZ,1769897.6184,2010-05-18,
000627.SZ,1767151.6493,1996-11-12,2025-09-30
300832.SZ,1765126.0633,2020-05-12,
300630.SZ,1760871.1544,2017-03-28,2025-05-22
002151.SZ,1759719.9981,2007-08-13,
002572.SZ,1758707.8939,2011-04-12,
601519.SH,1753151.4000,2011-01-28,
603520.SH,1751479.7692,2016-03-09,
600026.SH,1750498.3124,2002-05-23,
600812.SH,1746591.8648,1994-01-14,
601375.SH,1744444.9682,2017-01-03,
002373.SZ,1742335.7611,2010-03-18,
600685.SH,1742264.0189,1993-10-28,
601098.SH,1740324.0000,2010-10-28,
002706.SZ,1738649.6498,2014-01-21,
300171.SZ,1738038.5147,2011-02-01,
600621.SH,1737753.0403,1992-12-02,
002939.SZ,1737404.8920,2018-10-26,
603039.SH,1734786.9721,2017-01-13,
300737.SZ,1734007.1717,2018-01-25,
300618.SZ,1733085.3552,2017-03-06,
000629.SZ,1731739.3667,1996-11-15,
603077.SH,1730925.0447,2012-07-31,
603489.SH,1725523.8000,2019-11-11,
000902.SZ,1724893.4285,1999-04-08,
603298.SH,1724127.7455,2016-12-27,
600246.SH,1721259.7951,2000-09-22,
000060.SZ,1720176.2764,1997-01-23,
603893.SH,1716440.0000,2020-02-07,
600567.SH,1712499.1356,2001-12-18,
002382.SZ,1711672.8078,2010-04-02,
000403.SZ,1710453.5189,1996-06-28,
601908.SH,1708016.1698,2011-09-08,
300568.SZ,1706871.0990,2016-12-01,
600141.SH,1704441.6115,1999-06-16,
601003.SH,1701694.6848,2007-02-27,
002268.SZ,1701063.4213,2008-08-11,
000488.SZ,1700722.3940,2000-11-20,
601717.SH,1699219.6110,2010-08-03,
600667.SH,1697589.2835,1993-07-28,
601969.SH,1694742.5122,2014-12-09,
600211.SH,1684489.7053,1999-07-21,
600185.SH,1681850.6069,1999-06-11,
002019.SZ,1681027.8943,2004-07-13,
000990.SZ,1680287.7765,2000-07-06,
600901.SH,1679854.3268,2018-03-01,
600765.SH,1671934.2881,1996-11-06,
002773.SZ,1667317.1108,2015-06-26,
000519.SZ,1661442.0068,1993-10-08,
002690.SZ,1658497.4792,2012-07-31,
002409.SZ,1657837.9915,2010-05-25,
000158.SZ,1655305.0786,2000-07-24,
600216.SH,1654222.0647,1999-10-21,
300476.SZ,1651989.2858,2015-06-11,
600917.SH,1646248.0000,2014-09-30,
601666.SH,1643359.3551,2006-11-23,
002281.SZ,1641273.3341,2009-08-21,
600021.SH,1640725.1672,2003-10-29,
601965.SH,1639146.3041,2012-06-11,
600820.SH,1638074.0650,1994-01-28,
000672.SZ,1637816.8003,1996-12-18,
600098.SH,1635717.9348,1997-07-18,
002028.SZ,1634871.1877,2004-08-05,
002110.SZ,1632855.4157,2007-01-26,
300294.SZ,1632768.0838,2012-03-08,
002938.SZ,1631721.2653,2018-09-18,
300339.SZ,1629330.3671,2012-07-18,
000062.SZ,1628458.0678,1997-01-30,
600282.SH,1626627.5874,2000-09-19,
600963.SH,1626352.8512,2004-05-25,
002985.SZ,1622556.6638,2020-04-29,
002756.SZ,1620109.7172,2015-05-15,
300327.SZ,1619846.0749,2012-06-13,
600970.SH,1617749.3412,2005-04-12,
600566.SH,1616629.5036,2001-08-22,
000089.SZ,1616006.3731,1998-04-20,
000967.SZ,1612714.3793,2000-03-30,
300212.SZ,1610083.9645,2011-05-05,
600060.SH,1608123.4218,1997-04-22,
600179.SH,1607790.4507,1998-11-04,
300083.SZ,1597175.3125,2010-05-20,
300747.SZ,1593034.0335,2018-06-25,
600823.SH,1590495.3427,1994-02-04,2024-06-14
688116.SH,1588931.2710,2019-09-25,
601258.SH,1585219.8859,2011-04-28,2023-06-30
002928.SZ,1581165.5246,2018-03-02,
603567.SH,1580286.7600,2015-04-24,
600483.SH,1576685.5720,2004-05-31,
300024.SZ,1576299.0342,2009-10-30,
600339.SH,1568864.4394,2000-12-25,
000650.SZ,1563419.8680,1996-12-10,
002191.SZ,1562878.3516,2007-12-05,
000598.SZ,1558806.1102,1996-05-29,
002810.SZ,1558705.2976,2016-08-26,
002273.SZ,1553008.1850,2008-09-19,
600580.SH,1552115.9606,2002-06-06,
002727.SZ,1550274.9546,2014-07-02,
603195.SH,1549548.8292,2020-02-06,
601952.SH,1544738.0000,2017-05-15,
000778.SZ,1542303.6338,1997-06-06,
000997.SZ,1539975.5787,2000-08-07,
300058.SZ,1536058.0121,2010-02-26,
603043.SH,1534377.5068,2017-06-27,
600338.SH,1524902.5602,2000-12-27,
002643.SZ,1512448.2451,2011-12-20,
002831.SZ,1507602.5253,2016-12-16,
000966.SZ,1507266.3488,2000-03-16,
002595.SZ,1503548.1090,2011-06-28,
603305.SH,1502496.3380,2017-07-10,
001965.SZ,1501787.7585,2017-12-25,
600641.SH,1499161.0823,1993-04-07,
601369.SH,1494558.4525,2010-04-28,
000761.SZ,1491160.4792,1998-01-15,
002506.SZ,1487077.9640,2010-11-18,
002531.SZ,1482427.4579,2010-12-31,
000762.SZ,1480621.6577,1997-07-08,
601608.SH,1479741.9789,2012-07-06,
002163.SZ,1479335.5500,2007-08-23,
600623.SH,1476722.0331,1992-12-04,
600416.SH,1473609.8784,2002-07-18,
300376.SZ,1472814.9140,2014-01-27,
002481.SZ,1468926.1216,2010-09-21,
600376.SH,1467772.6227,2001-03-12,
300957.SZ,1467596.0317,2021-03-25,
000028.SZ,1465050.7620,1993-08-09,
300298.SZ,1464444.8688,2012-03-19,
600582.SH,1460921.8789,2002-05-15,
600307.SH,1459362.2798,2000-12-20,
000923.SZ,1459225.3167,1999-07-14,
600348.SH,1457430.0000,2003-08-21,
000683.SZ,1455846.0249,1997-01-31,
300296.SZ,1453741.2102,2012-03-15,
688200.SH,1451090.0892,2020-02-18,
600329.SH,1449188.1426,2001-06-06,
000046.SZ,1449075.4887,1994-09-12,2024-02-07
600006.SH,1446000.0000,1999-07-27,
600325.SH,1445975.9083,2004-02-25,
601000.SH,1445926.5818,2010-07-05,
300390.SZ,1443444.8547,2014-07-31,
600373.SH,1443142.8607,2002-03-04,
002245.SZ,1442820.1942,2008-06-05,
002139.SZ,1441297.8896,2007-06-29,
000887.SZ,1439965.6716,1998-12-03,
603308.SH,1438024.2674,2014-01-22,
002176.SZ,1437798.5052,2007-10-12,
603596.SH,1436609.6580,2018-04-27,
600835.SH,1434771.1497,1994-02-24,
600764.SH,1431633.9594,1996-11-04,
600197.SH,1430576.6435,1999-09-16,
600959.SH,1426080.9610,2015-04-28,
002675.SZ,1425915.6503,2012-05-25,
600096.SH,1423762.7598,1997-07-09,
600037.SH,1422396.9974,2001-02-08,
603730.SH,1419854.3898,2017-07-28,
688388.SH,1416233.0289,2019-07-22,
000555.SZ,1415143.8877,1994-04-08,
001914.SZ,1411082.4593,1994-09-28,
002099.SZ,1407048.9703,2006-12-26,
002287.SZ,1406432.5916,2009-08-28,
600863.SH,1405667.1422,1994-05-20,
000928.SZ,1404914.2876,1999-03-12,
688185.SH,1402962.6093,2020-08-13,
300395.SZ,1401332.2752,2014-09-10,
002906.SZ,1400956.3275,2017-10-13,
600755.SH,1398664.1882,1996-10-03,
603906.SH,1390833.5505,2017-04-10,
002158.SZ,1390514.9894,2007-08-17,
002041.SZ,1388640.0000,2005-04-18,
000559.SZ,1387586.1505,1994-01-10,
600459.SH,1387534.3949,2003-05-16,
600729.SH,1386727.0986,1996-07-02,
600056.SH,1385336.3328,1997-05-15,
601015.SH,1383691.2626,2014-11-05,
000591.SZ,1381153.0739,1996-02-08,
688016.SH,1379900.0211,2019-07-22,
603588.SH,1379539.5642,2014-12-29,
002262.SZ,1377994.6078,2008-07-23,
300672.SZ,1374274.1608,2017-07-12,
002585.SZ,1370721.1226,2011-06-02,
601311.SH,1367364.6887,2011-06-02,
002131.SZ,1365812.5456,2007-04-27,
000400.SZ,1364189.3979,1997-04-18,
600682.SH,1361920.3915,1993-10-18,
601865.SH,1360661.3610,2019-02-15,
600648.SH,1357317.4380,1993-05-04,
600057.SH,1355153.8035,1997-06-04,
002745.SZ,1354253.7621,2015-02-17,
300458.SZ,1352035.7702,2015-05-15,
300726.SZ,1348359.7609,2017-11-21,
600151.SH,1343894.3929,1998-06-05,
600864.SH,1341967.9854,1994-08-09,
601028.SH,1338974.0496,2011-11-07,2025-05-27
600548.SH,1338674.4845,2001-12-25,
000877.SZ,1338624.0752,1999-01-07,
300474.SZ,1337775.5572,2016-03-31,
000563.SZ,1335872.3291,1994-01-10,
002291.SZ,1333833.6374,2009-09-03,
300143.SZ,1332200.1229,2010-12-09,
688023.SH,1331183.6450,2019-11-05,
603337.SH,1328575.2896,2017-01-19,
600267.SH,1327606.2828,2000-07-25,
603113.SH,1325353.0819,2017-05-11,
002004.SZ,1324346.6585,2004-06-25,
002332.SZ,1323372.1696,2010-01-12,
300271.SZ,1321897.2571,2011-10-26,
002436.SZ,1321874.0422,2010-06-18,
002233.SZ,1320581.2789,2008-05-16,
600517.SH,1316450.4680,2003-10-10,
600546.SH,1314368.4208,2003-07-31,
000049.SZ,1314216.7027,1995-03-20,
600295.SH,1314216.6476,2001-04-26,
600518.SH,1313818.5159,2001-03-19,
002320.SZ,1312841.6471,2009-12-16,
603606.SH,1310832.8909,2014-10-15,
000921.SZ,1309876.1927,1999-07-13,
601678.SH,1305881.5730,2010-02-23,
601326.SH,1303571.1660,2017-08-16,
601200.SH,1296868.4757,2017-03-31,
002036.SZ,1295751.4742,2004-09-03,
600120.SH,1294433.6408,1997-12-01,
603599.SH,1293139.4141,2015-05-13,
603987.SH,1291117.8720,2016-11-21,
603098.SH,1290425.9473,2016-12-16,
600816.SH,1289751.1774,1994-01-28,
300017.SZ,1287553.4862,2009-10-30,
300118.SZ,1286207.6956,2010-09-02,
603236.SH,1285034.5200,2019-07-16,
000528.SZ,1284843.7232,1993-11-18,
002505.SZ,1283577.0948,2010-11-18,2024-08-30
002285.SZ,1280736.3479,2009-08-28,
603429.SH,1279767.4973,2017-01-24,
300369.SZ,1277715.7769,2014-01-29,
002244.SZ,1273500.1578,2008-05-29,
601019.SH,1273009.0000,2017-11-22,
002002.SZ,1271616.2485,2004-06-25,2024-03-18
600740.SH,1270812.0924,1996-08-08,
002701.SZ,1270496.9831,2012-10-11,
000426.SZ,1270211.0905,1996-08-28,
601677.SH,1269198.0933,2011-09-19,
688158.SH,1267100.3856,2020-01-20,
600064.SH,1266855.8102,1997-05-06,
600171.SH,1262795.1728,1998-09-24,
002847.SZ,1262061.8831,2017-02-08,
600062.SH,1260231.1537,1997-05-22,
600839.SH,1259883.7063,1994-03-11,
002174.SZ,1255429.6355,2007-09-25,
601949.SH,1253880.0000,2017-08-21,
300072.SZ,1253397.5858,2010-04-27,
002851.SZ,1252466.0852,2017-03-06,
600446.SH,1250519.1912,2003-12-24,
600273.SH,1249341.0335,2003-06-27,
603888.SH,1249303.6695,2016-10-28,
603881.SH,1247949.7854,2017-02-08,
002368.SZ,1244125.5073,2010-03-12,
002966.SZ,1242935.9800,2019-08-02,
603185.SH,1238005.3943,2018-12-28,
601777.SH,1237747.5000,2010-11-25,
300054.SZ,1235994.4929,2010-02-11,
002258.SZ,1235641.0405,2008-07-08,
300682.SZ,1235317.4541,2017-08-01,
002498.SZ,1230914.5200,2010-11-09,
600811.SH,1229524.6970,1994-01-06,2025-04-30
000088.SZ,1228042.3139,1997-07-28,
688088.SH,1226929.6585,2019-07-22,
601163.SH,1224000.0000,2016-09-09,
300777.SZ,1221601.1550,2019-05-16,
002239.SZ,1221215.4599,2008-05-22,
600572.SH,1221205.4613,2004-04-12,
600649.SH,1219255.4556,1993-05-18,
300034.SZ,1216682.3787,2009-12-25,
000059.SZ,1215573.7016,1997-01-30,
600435.SH,1215285.1200,2003-07-04,
002891.SZ,1214352.6578,2017-08-21,
000550.SZ,1213722.2576,1993-12-01,
300662.SZ,1212828.0714,2017-06-08,
603708.SH,1212543.1332,2016-12-13,
002183.SZ,1211662.1610,2007-11-13,
601333.SH,1209578.7180,2006-12-22,
688029.SH,1208828.7679,2019-07-22,
300763.SZ,1207473.7801,2019-03-19,
603927.SH,1206818.7789,2019-09-09,
603989.SH,1205170.6476,2015-05-15,
300226.SZ,1204973.5844,2011-06-08,
002617.SZ,1204476.3828,2011-09-20,
300783.SZ,1202972.8000,2019-07-12,
000717.SZ,1202503.6318,1997-05-08,
002958.SZ,1202205.2431,2019-03-26,
000030.SZ,1198478.8725,1993-09-29,
000712.SZ,1196335.6601,1997-04-15,
603378.SH,1194689.0235,2017-09-28,
603533.SH,1194579.0000,2017-09-21,
002468.SZ,1189160.3886,2010-09-08,
600850.SH,1188783.4550,1994-03-24,
300346.SZ,1188366.2753,2012-08-07,
000813.SZ,1187630.2210,1998-05-19,
000090.SZ,1186362.6190,1999-07-21,
300257.SZ,1179963.6584,2011-08-19,
601298.SH,1179904.3760,2019-01-21,
688202.SH,1177249.9509,2019-11-05,
600195.SH,1176077.0760,1999-01-07,
300236.SZ,1174739.3689,2011-06-29,
000035.SZ,1172699.0897,1994-04-08,
603583.SH,1172008.8435,2018-09-21,
600997.SH,1170208.4902,2004-06-02,
002091.SZ,1167185.4262,2006-12-08,
002396.SZ,1167143.8363,2010-06-23,
600718.SH,1165343.3367,1996-06-18,
601001.SH,1164895.2000,2006-06-23,
002387.SZ,1164865.7708,2010-04-13,
601718.SH,1163781.7921,2010-08-16,
603698.SH,1163634.2900,2015-01-28,
300671.SZ,1163105.4035,2017-07-05,
300026.SZ,1162187.3646,2009-10-30,
002293.SZ,1160596.1678,2009-09-10,
601222.SH,1159513.5834,2011-08-08,
002726.SZ,1158180.3979,2014-06-26,
000937.SZ,1156826.7371,1999-09-09,
300315.SZ,1155542.7564,2012-05-11,
600466.SH,1153273.5653,2001-02-12,2023-06-06
002859.SZ,1151701.0251,2017-04-07,
300773.SZ,1150554.8664,2019-04-25,
600776.SH,1149112.0769,1996-11-26,
600933.SH,1149091.8730,2017-11-17,
002318.SZ,1148972.0067,2009-12-11,
600266.SH,1148577.6384,1999-02-03,
000875.SZ,1148277.9793,2002-09-26,
300502.SZ,1146930.9079,2016-03-03,
600717.SH,1145542.0777,1996-06-14,
300633.SZ,1142828.5700,2017-04-06,
688298.SH,1140408.0912,2020-02-05,
000560.SZ,1140215.7529,1994-02-02,
600206.SH,1139505.4782,1999-03-19,
600643.SH,1138161.8676,1993-04-26,
002195.SZ,1138149.2290,2007-12-12,
600059.SH,1135976.4518,1997-05-16,
000690.SZ,1131678.6972,1997-01-28,
688009.SH,1130917.7899,2019-07-22,
603301.SH,1128298.7190,2018-04-12,
600395.SH,1127090.3173,2001-05-31,
600673.SH,1126188.2257,1993-09-17,
688598.SH,1126114.9049,2020-05-18,
603010.SH,1125635.5238,2014-10-10,
600877.SH,1124393.4174,1995-10-13,
002237.SZ,1123428.2321,2008-05-20,
002085.SZ,1119893.8072,2006-11-28,
603719.SH,1116246.2087,2020-02-24,
