baseline_date,regime,engine,ticker,name_cn,score,planned_entry_price,max_entry_price,stop_loss,target_1,holding_period,input_mode,bundle_id,bundle_composite_sha256,pit_grade
2021-09-07,choppy,alpha_rs_pullback,600580.SH,,98.96,12.35,12.6,11.74,13.52,5,live,,,
2021-09-07,choppy,alpha_rs_pullback,600329.SH,,98.04,25.66,26.17,24.16,28.23,5,live,,,
2021-09-08,choppy,alpha_rs_pullback,002180.SZ,,98.96,38.54,39.31,36.36,42.39,5,live,,,
2021-09-08,choppy,alpha_rs_pullback,600582.SH,,98.69,4.34,4.43,4.09,4.77,5,live,,,
2021-09-09,choppy,alpha_rs_pullback,002180.SZ,,98.63,38.59,39.36,36.46,42.45,5,live,,,
2021-09-09,choppy,alpha_rs_pullback,601198.SH,,98.57,11.24,11.46,10.84,12.0,5,live,,,
2021-09-10,choppy,alpha_rs_pullback,002080.SZ,,98.81,31.33,31.96,29.44,34.46,5,live,,,
2021-09-10,choppy,alpha_rs_pullback,600320.SH,,98.61,3.9,3.98,3.72,4.25,5,live,,,
2021-09-13,choppy,alpha_rs_pullback,600795.SH,,98.88,2.52,2.57,2.42,2.72,5,live,,,
2021-09-13,choppy,alpha_rs_pullback,600782.SH,,98.76,8.32,8.49,7.78,9.15,5,live,,,
2021-10-08,choppy,alpha_rs_pullback,600233.SH,,98.33,13.04,13.3,12.24,14.34,5,live,,,
2021-10-08,choppy,alpha_rs_pullback,600578.SH,,98.04,2.94,3.0,2.75,3.23,5,live,,,
2021-10-11,bull,alpha_rs_pullback,600339.SH,,97.87,3.29,3.36,3.07,3.62,5,live,,,
2021-10-11,bull,alpha_rs_pullback,002041.SZ,,96.6,22.09,22.53,20.67,24.3,5,live,,,
2021-10-13,bull,alpha_rs_pullback,600048.SH,,98.74,12.04,12.28,11.31,13.24,5,live,,,
2021-10-13,bull,alpha_rs_pullback,002602.SZ,,97.92,7.25,7.4,6.93,7.87,5,live,,,
2021-10-14,bull,alpha_rs_pullback,603707.SH,,98.03,26.4,26.93,25.08,28.92,5,live,,,
2021-10-14,bull,alpha_rs_pullback,000739.SZ,,97.74,35.93,36.65,33.47,39.52,5,live,,,
2021-10-15,choppy,alpha_rs_pullback,603707.SH,,98.9,26.29,26.82,25.02,28.71,5,live,,,
2021-10-15,choppy,alpha_rs_pullback,603606.SH,,97.51,26.31,26.84,24.25,28.94,5,live,,,
2021-10-19,choppy,alpha_rs_pullback,002013.SZ,,98.21,14.11,14.39,13.37,15.51,5,live,,,
2021-10-19,choppy,alpha_rs_pullback,601088.SH,,97.8,17.04,17.38,16.01,18.74,5,live,,,
2021-10-20,choppy,alpha_rs_pullback,300476.SZ,,97.97,27.01,27.55,25.14,30.59,5,live,,,
2021-10-20,choppy,alpha_rs_pullback,603707.SH,,97.24,26.48,27.01,25.12,29.09,5,live,,,
2021-10-21,choppy,alpha_rs_pullback,603707.SH,,98.9,26.29,26.82,24.89,28.92,5,live,,,
2021-10-21,choppy,alpha_rs_pullback,002505.SZ,,98.56,3.27,3.34,3.05,3.6,5,live,,,
2021-10-22,choppy,alpha_rs_pullback,000537.SZ,,98.39,15.46,15.77,13.94,17.01,5,live,,,
2021-10-22,choppy,alpha_rs_pullback,002013.SZ,,97.67,14.08,14.36,13.38,15.41,5,live,,,
2021-10-25,choppy,alpha_rs_pullback,002368.SZ,,98.6,27.89,28.45,26.13,30.68,5,live,,,
2021-10-25,choppy,alpha_rs_pullback,603129.SH,,98.54,147.19,150.13,135.49,161.91,5,live,,,
2021-10-26,bull,alpha_rs_pullback,601615.SH,,99.0,25.46,25.97,23.74,28.01,5,live,,,
2021-10-26,bull,alpha_rs_pullback,002597.SZ,,98.6,41.64,42.47,39.41,45.8,5,live,,,
2021-10-29,choppy,alpha_rs_pullback,002472.SZ,,98.66,25.57,26.08,23.85,28.13,5,live,,,
2021-10-29,choppy,alpha_rs_pullback,600406.SH,,97.08,24.45,24.94,23.16,26.9,5,live,,,
2021-11-11,bull,alpha_rs_pullback,601689.SH,,98.91,36.14,36.86,33.96,39.75,5,live,,,
2021-11-11,bull,alpha_rs_pullback,002074.SZ,,98.86,58.29,59.46,54.9,64.12,5,live,,,
2021-11-22,choppy,alpha_rs_pullback,688599.SH,,98.77,77.51,79.06,71.88,88.26,5,live,,,
2021-11-22,choppy,alpha_rs_pullback,600487.SH,,98.03,16.45,16.78,15.63,18.02,5,live,,,
2021-11-23,choppy,alpha_rs_pullback,002938.SZ,,98.89,36.64,37.37,34.9,39.97,5,live,,,
2021-11-23,choppy,alpha_rs_pullback,688006.SH,,98.85,82.78,84.44,78.35,91.23,5,live,,,
2021-11-24,choppy,alpha_rs_pullback,603290.SH,,98.88,331.26,337.89,313.03,364.39,5,live,,,
2021-11-24,choppy,alpha_rs_pullback,002938.SZ,,98.62,36.57,37.3,34.8,39.95,5,live,,,
2021-11-25,choppy,alpha_rs_pullback,000596.SZ,,98.9,228.98,233.56,218.2,249.55,5,live,,,
2021-11-25,choppy,alpha_rs_pullback,002241.SZ,,98.83,50.4,51.41,47.87,55.23,5,live,,,
2021-12-03,choppy,alpha_rs_pullback,300496.SZ,,98.96,153.07,156.13,144.99,168.49,5,live,,,
2021-12-03,choppy,alpha_rs_pullback,300638.SZ,,98.83,30.13,30.73,28.78,32.7,5,live,,,
2021-12-06,choppy,alpha_rs_pullback,603198.SH,,98.94,59.55,60.74,56.56,65.26,5,live,,,
2021-12-06,choppy,alpha_rs_pullback,600039.SH,,98.38,6.95,7.09,6.52,7.65,5,live,,,
2021-12-07,choppy,alpha_rs_pullback,002180.SZ,,98.84,44.96,45.86,42.64,49.39,5,live,,,
2021-12-07,choppy,alpha_rs_pullback,000967.SZ,,98.72,7.25,7.4,6.83,7.98,5,live,,,
2021-12-08,choppy,alpha_rs_pullback,000967.SZ,,98.57,7.27,7.42,6.86,8.0,5,live,,,
2021-12-08,choppy,alpha_rs_pullback,002505.SZ,,98.02,4.17,4.25,3.91,4.59,5,live,,,
2021-12-09,bull,alpha_rs_pullback,600732.SH,,98.68,17.56,17.91,16.4,19.32,5,live,,,
2021-12-09,bull,alpha_rs_pullback,600764.SH,,98.05,38.82,39.6,36.75,42.7,5,live,,,
2021-12-10,bull,alpha_rs_pullback,002180.SZ,,98.52,46.49,47.42,44.31,50.66,5,live,,,
2021-12-10,bull,alpha_rs_pullback,002032.SZ,,98.34,50.19,51.19,47.7,54.95,5,live,,,
2021-12-13,bull,alpha_rs_pullback,300151.SZ,,98.23,40.69,41.5,38.63,44.62,5,live,,,
2021-12-13,bull,alpha_rs_pullback,300476.SZ,,98.21,30.28,30.89,28.68,33.34,5,live,,,
2021-12-14,bull,alpha_rs_pullback,002463.SZ,,98.12,14.59,14.88,13.89,15.93,5,live,,,
2021-12-14,bull,alpha_rs_pullback,688339.SH,,97.72,112.98,115.24,107.52,123.41,5,live,,,
2021-12-15,bull,alpha_rs_pullback,603198.SH,,98.34,64.77,66.07,61.39,71.23,5,live,,,
2021-12-15,bull,alpha_rs_pullback,600732.SH,,98.15,17.86,18.22,16.72,19.65,5,live,,,
2021-12-16,bull,alpha_rs_pullback,688599.SH,,98.65,79.64,81.23,74.51,89.43,5,live,,,
2021-12-16,bull,alpha_rs_pullback,002534.SZ,,98.04,27.76,28.32,25.98,30.54,5,live,,,
2021-12-17,bull,alpha_rs_pullback,603589.SH,,98.07,70.31,71.72,67.04,76.56,5,live,,,
2021-12-17,bull,alpha_rs_pullback,300308.SZ,,97.94,28.49,29.06,27.3,30.76,5,live,,,
2021-12-21,choppy,alpha_rs_pullback,000723.SZ,,98.16,16.62,16.95,15.58,18.28,5,live,,,
2021-12-21,choppy,alpha_rs_pullback,000408.SZ,,98.05,27.96,28.52,26.2,30.76,5,live,,,
2021-12-22,choppy,alpha_rs_pullback,000935.SZ,,98.96,23.63,24.1,22.44,25.9,5,live,,,
2021-12-22,choppy,alpha_rs_pullback,002810.SZ,,98.31,55.94,57.06,53.47,60.66,5,live,,,
2021-12-23,bull,alpha_rs_pullback,600416.SH,,97.62,19.49,19.88,18.34,21.44,5,live,,,
2021-12-23,bull,alpha_rs_pullback,002507.SZ,,97.54,24.94,25.44,23.89,26.95,5,live,,,
2021-12-24,choppy,alpha_rs_pullback,002920.SZ,,98.92,151.73,154.76,142.9,166.9,5,live,,,
2021-12-24,choppy,alpha_rs_pullback,600233.SH,,98.51,15.95,16.27,15.25,17.28,5,live,,,
2021-12-27,choppy,alpha_rs_pullback,603713.SH,,98.68,130.76,133.38,124.85,142.04,5,live,,,
2021-12-27,choppy,alpha_rs_pullback,600027.SH,,98.55,4.29,4.38,3.99,4.72,5,live,,,
2021-12-28,choppy,alpha_rs_pullback,002938.SZ,,98.89,38.9,39.68,36.94,42.64,5,live,,,
2021-12-28,choppy,alpha_rs_pullback,603198.SH,,98.88,64.93,66.23,61.93,70.66,5,live,,,
2021-12-30,choppy,alpha_rs_pullback,002384.SZ,,98.59,26.23,26.75,24.97,28.63,5,live,,,
2021-12-30,choppy,alpha_rs_pullback,000729.SZ,,98.23,7.96,8.12,7.62,8.62,5,live,,,
2021-12-31,choppy,alpha_rs_pullback,002384.SZ,,98.88,26.26,26.79,25.01,28.65,5,live,,,
2021-12-31,choppy,alpha_rs_pullback,300033.SZ,,98.55,95.58,97.49,91.4,103.57,5,live,,,
2022-01-04,choppy,alpha_rs_pullback,603228.SH,,98.95,31.12,31.74,29.61,34.01,5,live,,,
2022-01-04,choppy,alpha_rs_pullback,000729.SZ,,98.88,7.98,8.14,7.62,8.66,5,live,,,
2022-05-31,choppy,alpha_rs_pullback,000733.SZ,,98.84,113.05,115.31,108.49,121.75,5,live,,,
2022-05-31,choppy,alpha_rs_pullback,002459.SZ,,98.41,45.82,46.74,43.79,49.7,5,live,,,
2022-06-01,choppy,alpha_rs_pullback,600123.SH,,98.93,9.7,9.89,9.2,10.65,5,live,,,
2022-06-01,choppy,alpha_rs_pullback,000830.SZ,,95.85,15.0,15.3,14.49,15.98,5,live,,,
2022-06-02,choppy,alpha_rs_pullback,603688.SH,,98.97,49.96,50.96,47.04,54.96,5,live,,,
2022-06-02,choppy,alpha_rs_pullback,000519.SZ,,97.49,24.61,25.1,23.33,27.05,5,live,,,
2022-06-06,choppy,alpha_rs_pullback,000519.SZ,,94.2,24.78,25.28,23.53,27.17,5,live,,,
2022-06-06,choppy,alpha_rs_pullback,603529.SH,,94.05,25.52,26.03,23.96,28.07,5,live,,,
2022-06-07,choppy,alpha_rs_pullback,601898.SH,,97.91,8.53,8.7,8.14,9.27,5,live,,,
2022-06-07,choppy,alpha_rs_pullback,603529.SH,,97.6,25.32,25.83,23.83,27.85,5,live,,,
2022-06-08,choppy,alpha_rs_pullback,600328.SH,,96.78,15.3,15.61,14.39,16.83,5,live,,,
2022-06-08,choppy,alpha_rs_pullback,002192.SZ,,95.59,145.24,148.14,135.11,159.76,5,live,,,
2022-06-09,choppy,alpha_rs_pullback,002738.SZ,,96.85,55.99,57.11,52.51,61.59,5,live,,,
2022-06-09,choppy,alpha_rs_pullback,000519.SZ,,96.66,25.47,25.98,24.06,28.02,5,live,,,
2022-06-10,choppy,alpha_rs_pullback,000983.SZ,,97.25,11.79,12.03,11.11,12.97,5,live,,,
2022-06-10,choppy,alpha_rs_pullback,603529.SH,,96.82,24.97,25.47,23.62,27.47,5,live,,,
2022-06-13,bull,alpha_rs_pullback,601001.SH,,98.28,13.35,13.62,12.54,14.69,5,live,,,
2022-06-13,bull,alpha_rs_pullback,002430.SZ,,97.22,29.8,30.4,28.57,32.14,5,live,,,
2022-06-14,bull,alpha_rs_pullback,300568.SZ,,98.36,26.49,27.02,25.11,29.13,5,live,,,
2022-06-14,bull,alpha_rs_pullback,600389.SH,,97.3,42.57,43.42,40.4,46.71,5,live,,,
2022-06-15,bull,alpha_rs_pullback,600123.SH,,98.97,11.43,11.66,10.78,12.57,5,live,,,
2022-06-15,bull,alpha_rs_pullback,000519.SZ,,98.69,27.7,28.25,26.12,30.47,5,live,,,
2022-06-16,bull,alpha_rs_pullback,688063.SH,,98.9,157.38,160.53,148.08,175.14,5,live,,,
2022-06-16,bull,alpha_rs_pullback,000810.SZ,,98.7,16.55,16.88,15.35,18.21,5,live,,,
2022-06-17,bull,alpha_rs_pullback,000553.SZ,,98.14,12.44,12.69,11.74,13.68,5,live,,,
2022-06-17,bull,alpha_rs_pullback,601238.SH,,97.76,16.29,16.62,15.44,17.92,5,live,,,
2022-06-20,bull,alpha_rs_pullback,002056.SZ,,98.27,22.76,23.22,20.85,25.04,5,live,,,
2022-06-20,bull,alpha_rs_pullback,002738.SZ,,98.04,56.2,57.32,53.17,61.82,5,live,,,
2022-06-21,bull,alpha_rs_pullback,002594.SZ,,97.72,110.01,112.21,104.89,119.79,5,live,,,
2022-06-21,bull,alpha_rs_pullback,300861.SZ,,97.23,52.26,53.31,49.56,57.41,5,live,,,
2022-06-22,bull,alpha_rs_pullback,000963.SZ,,98.96,39.13,39.91,37.56,42.13,5,live,,,
2022-06-22,bull,alpha_rs_pullback,300957.SZ,,98.68,197.08,201.02,188.56,213.34,5,live,,,
2022-06-23,bull,alpha_rs_pullback,600732.SH,,98.92,22.97,23.43,21.57,25.27,5,live,,,
2022-06-23,bull,alpha_rs_pullback,603659.SH,,97.29,54.69,55.78,51.66,60.16,5,live,,,
2022-06-24,bull,alpha_rs_pullback,600392.SH,,97.93,20.39,20.8,19.33,22.4,5,live,,,
2022-06-24,bull,alpha_rs_pullback,688063.SH,,97.45,197.01,200.95,184.19,221.49,5,live,,,
2022-06-27,bull,alpha_rs_pullback,603185.SH,,96.92,90.65,92.46,85.22,99.72,5,live,,,
2022-06-27,bull,alpha_rs_pullback,600566.SH,,96.19,23.45,23.92,22.22,25.79,5,live,,,
2022-06-28,bull,alpha_rs_pullback,688063.SH,,98.04,199.24,203.22,186.23,224.08,5,live,,,
2022-06-28,bull,alpha_rs_pullback,000516.SZ,,97.49,10.24,10.44,9.77,11.13,5,live,,,
2022-06-29,bull,alpha_rs_pullback,688063.SH,,98.03,200.74,204.75,187.61,225.81,5,live,,,
2022-06-29,bull,alpha_rs_pullback,600610.SH,,97.83,16.91,17.25,15.87,18.6,5,live,,,
2022-06-30,bull,alpha_rs_pullback,002466.SZ,,99.0,115.05,117.35,108.58,126.56,5,live,,,
2022-06-30,bull,alpha_rs_pullback,601628.SH,,98.66,28.44,29.01,26.94,31.28,5,live,,,
2022-07-01,bull,alpha_rs_pullback,600132.SH,,98.98,123.76,126.24,118.31,134.16,5,live,,,
2022-07-01,bull,alpha_rs_pullback,603529.SH,,98.97,30.47,31.08,28.56,33.52,5,live,,,
2022-07-04,bull,alpha_rs_pullback,300595.SZ,,98.55,54.33,55.42,50.16,62.29,5,live,,,
2022-07-04,bull,alpha_rs_pullback,603529.SH,,98.02,30.59,31.2,28.67,33.65,5,live,,,
2022-07-05,bull,alpha_rs_pullback,002705.SZ,,98.83,19.45,19.84,18.5,21.25,5,live,,,
2022-07-05,bull,alpha_rs_pullback,000596.SZ,,98.58,215.2,219.5,205.92,232.91,5,live,,,
2022-07-06,bull,alpha_rs_pullback,300395.SZ,,98.77,47.45,48.4,44.69,52.73,5,live,,,
2022-07-06,bull,alpha_rs_pullback,600610.SH,,98.72,16.96,17.3,16.15,18.51,5,live,,,
2022-07-07,bull,alpha_rs_pullback,300390.SZ,,98.83,64.18,65.46,60.47,71.27,5,live,,,
2022-07-07,bull,alpha_rs_pullback,000762.SZ,,98.06,59.68,60.87,56.13,65.65,5,live,,,
2022-07-08,bull,alpha_rs_pullback,688778.SH,,98.97,74.28,75.77,70.3,81.88,5,live,,,
2022-07-08,bull,alpha_rs_pullback,000762.SZ,,98.82,59.94,61.14,56.35,65.93,5,live,,,
2022-07-11,choppy,alpha_rs_pullback,300395.SZ,,98.81,48.33,49.3,45.52,53.7,5,live,,,
2022-07-11,choppy,alpha_rs_pullback,300832.SZ,,98.5,42.14,42.98,40.18,45.89,5,live,,,
2022-07-12,choppy,alpha_rs_pullback,688107.SH,,98.63,68.88,70.26,64.22,77.78,5,live,,,
2022-07-12,choppy,alpha_rs_pullback,600483.SH,,98.59,9.22,9.4,8.78,10.07,5,live,,,
2022-07-13,choppy,alpha_rs_pullback,600416.SH,,98.77,20.61,21.02,19.45,22.67,5,live,,,
2022-07-13,choppy,alpha_rs_pullback,300498.SZ,,98.6,23.19,23.65,22.02,25.41,5,live,,,
2022-07-14,choppy,alpha_rs_pullback,605117.SH,,98.5,54.92,56.02,50.5,60.41,5,live,,,
2022-07-14,choppy,alpha_rs_pullback,601717.SH,,97.99,12.3,12.55,11.51,13.53,5,live,,,
2022-07-15,choppy,alpha_rs_pullback,605111.SH,,98.89,67.07,68.41,62.78,73.78,5,live,,,
2022-07-15,choppy,alpha_rs_pullback,688599.SH,,98.87,70.85,72.27,66.63,78.9,5,live,,,
2022-07-18,choppy,alpha_rs_pullback,002050.SZ,,98.98,27.64,28.19,25.89,30.4,5,live,,,
2022-07-18,choppy,alpha_rs_pullback,605111.SH,,98.85,67.06,68.4,62.96,73.77,5,live,,,
2022-07-19,choppy,alpha_rs_pullback,300357.SZ,,98.81,49.9,50.9,47.48,54.52,5,live,,,
2022-07-19,choppy,alpha_rs_pullback,000516.SZ,,98.77,11.03,11.25,10.43,12.13,5,live,,,
2022-07-20,choppy,alpha_rs_pullback,600578.SH,,98.7,3.05,3.11,2.91,3.32,5,live,,,
2022-07-20,choppy,alpha_rs_pullback,603305.SH,,98.6,25.44,25.95,23.75,27.98,5,live,,,
2022-07-21,choppy,alpha_rs_pullback,002179.SZ,,98.97,46.8,47.74,45.04,50.16,5,live,,,
2022-07-21,choppy,alpha_rs_pullback,300724.SZ,,98.43,117.12,119.46,108.46,133.65,5,live,,,
2022-07-22,choppy,alpha_rs_pullback,000970.SZ,,98.99,19.33,19.72,17.95,21.26,5,live,,,
2022-07-22,choppy,alpha_rs_pullback,603876.SH,,98.99,33.09,33.75,31.22,36.4,5,live,,,
2022-07-26,choppy,alpha_rs_pullback,300748.SZ,,98.66,26.4,26.93,25.11,28.86,5,live,,,
2022-07-26,choppy,alpha_rs_pullback,002468.SZ,,98.65,12.36,12.61,11.7,13.6,5,live,,,
2022-11-15,choppy,alpha_rs_pullback,002385.SZ,,98.42,9.16,9.34,8.77,9.91,5,live,,,
2022-11-15,choppy,alpha_rs_pullback,600039.SH,,98.23,6.56,6.69,6.36,6.95,5,live,,,
2022-11-16,choppy,alpha_rs_pullback,002299.SZ,,98.37,23.75,24.23,22.39,26.13,5,live,,,
2022-11-16,choppy,alpha_rs_pullback,000878.SZ,,97.79,11.34,11.57,10.9,12.18,5,live,,,
2022-11-29,choppy,alpha_rs_pullback,603056.SH,,98.79,18.35,18.72,17.27,20.19,5,live,,,
2022-11-29,choppy,alpha_rs_pullback,600562.SH,,98.65,17.06,17.4,16.41,18.31,5,live,,,
2022-11-30,choppy,alpha_rs_pullback,002568.SZ,,98.29,34.81,35.51,32.98,38.29,5,live,,,
2022-11-30,choppy,alpha_rs_pullback,002439.SZ,,98.19,26.38,26.91,25.11,28.8,5,live,,,
2022-12-01,bull,alpha_rs_pullback,600562.SH,,97.83,16.96,17.3,16.3,18.22,5,live,,,
2022-12-01,bull,alpha_rs_pullback,002372.SZ,,96.73,18.61,18.98,17.67,20.4,5,live,,,
2022-12-02,bull,alpha_rs_pullback,603883.SH,,97.65,30.21,30.81,28.23,33.23,5,live,,,
2022-12-02,bull,alpha_rs_pullback,600426.SH,,97.08,22.62,23.07,21.92,23.96,5,live,,,
2022-12-05,bull,alpha_rs_pullback,603128.SH,,96.32,10.15,10.35,9.8,10.81,5,live,,,
2022-12-05,bull,alpha_rs_pullback,000860.SZ,,96.18,30.16,30.76,28.78,32.79,5,live,,,
2022-12-06,bull,alpha_rs_pullback,000860.SZ,,96.61,30.65,31.26,29.23,33.36,5,live,,,
2022-12-06,bull,alpha_rs_pullback,600547.SH,,96.56,20.15,20.55,19.49,21.41,5,live,,,
2022-12-07,bull,alpha_rs_pullback,601668.SH,,98.34,4.82,4.92,4.6,5.24,5,live,,,
2022-12-07,bull,alpha_rs_pullback,300033.SZ,,97.54,70.36,71.77,67.72,75.4,5,live,,,
2022-12-08,bull,alpha_rs_pullback,300033.SZ,,98.94,69.98,71.38,67.34,75.02,5,live,,,
2022-12-08,bull,alpha_rs_pullback,601668.SH,,98.59,4.84,4.94,4.62,5.26,5,live,,,
2022-12-09,bull,alpha_rs_pullback,603338.SH,,98.41,48.67,49.64,46.56,52.71,5,live,,,
2022-12-09,bull,alpha_rs_pullback,300253.SZ,,98.37,10.55,10.76,9.98,11.64,5,live,,,
2022-12-12,bull,alpha_rs_pullback,300253.SZ,,98.65,10.51,10.72,9.95,11.58,5,live,,,
2022-12-12,bull,alpha_rs_pullback,603027.SH,,98.15,14.42,14.71,13.83,15.54,5,live,,,
2022-12-13,bull,alpha_rs_pullback,002262.SZ,,98.75,19.52,19.91,18.64,21.2,5,live,,,
2022-12-13,bull,alpha_rs_pullback,002568.SZ,,98.22,37.38,38.13,35.43,41.1,5,live,,,
2022-12-14,bull,alpha_rs_pullback,600872.SH,,97.79,38.03,38.79,36.46,41.02,5,live,,,
2022-12-14,bull,alpha_rs_pullback,002262.SZ,,95.64,19.68,20.07,18.78,21.4,5,live,,,
2022-12-15,bull,alpha_rs_pullback,000860.SZ,,98.63,31.25,31.88,29.72,34.18,5,live,,,
2022-12-15,bull,alpha_rs_pullback,002928.SZ,,98.29,13.6,13.87,12.8,14.96,5,live,,,
2022-12-16,bull,alpha_rs_pullback,000860.SZ,,98.96,31.29,31.92,29.77,34.19,5,live,,,
2022-12-16,bull,alpha_rs_pullback,603866.SH,,98.78,11.68,11.91,11.07,12.84,5,live,,,
2022-12-19,bull,alpha_rs_pullback,002928.SZ,,98.76,13.65,13.92,12.92,15.02,5,live,,,
2022-12-19,bull,alpha_rs_pullback,600859.SH,,97.4,29.08,29.66,27.54,31.99,5,live,,,
2022-12-27,choppy,alpha_rs_pullback,601021.SH,,98.19,61.84,63.08,58.8,67.64,5,live,,,
2022-12-27,choppy,alpha_rs_pullback,002027.SZ,,97.98,5.35,5.46,5.11,5.81,5,live,,,
2022-12-28,choppy,alpha_rs_pullback,600515.SH,,97.5,5.07,5.17,4.8,5.58,5,live,,,
2022-12-28,choppy,alpha_rs_pullback,300146.SZ,,97.05,20.12,20.52,19.25,21.79,5,live,,,
2022-12-29,choppy,alpha_rs_pullback,600763.SH,,98.38,105.11,107.21,100.81,113.31,5,live,,,
2022-12-29,choppy,alpha_rs_pullback,300146.SZ,,97.83,20.06,20.46,19.19,21.72,5,live,,,
2022-12-30,choppy,alpha_rs_pullback,603198.SH,,98.44,55.67,56.78,52.71,61.24,5,live,,,
2022-12-30,choppy,alpha_rs_pullback,300146.SZ,,97.98,19.89,20.29,19.05,21.48,5,live,,,
2023-01-03,choppy,alpha_rs_pullback,002092.SZ,,96.36,7.37,7.52,7.12,7.84,5,live,,,
2023-01-03,choppy,alpha_rs_pullback,002044.SZ,,95.48,5.93,6.05,5.61,6.52,5,live,,,
2023-01-04,choppy,alpha_rs_pullback,002511.SZ,,97.73,13.34,13.61,12.71,14.55,5,live,,,
2023-01-04,choppy,alpha_rs_pullback,600050.SH,,97.26,4.55,4.64,4.35,4.94,5,live,,,
2023-01-05,bull,alpha_rs_pullback,002518.SZ,,98.14,57.88,59.04,54.3,63.67,5,live,,,
2023-01-05,bull,alpha_rs_pullback,002511.SZ,,97.73,13.34,13.61,12.72,14.53,5,live,,,
2023-01-06,bull,alpha_rs_pullback,688235.SH,,97.64,142.66,145.51,137.54,152.44,5,live,,,
2023-01-06,bull,alpha_rs_pullback,600050.SH,,97.01,4.52,4.61,4.32,4.91,5,live,,,
2023-01-09,bull,alpha_rs_pullback,300413.SZ,,98.91,31.16,31.78,29.63,34.08,5,live,,,
2023-01-09,bull,alpha_rs_pullback,300347.SZ,,97.12,106.23,108.35,101.0,116.21,5,live,,,
2023-01-10,bull,alpha_rs_pullback,300413.SZ,,98.93,31.18,31.8,29.69,34.03,5,live,,,
2023-01-10,bull,alpha_rs_pullback,002511.SZ,,98.72,13.26,13.53,12.67,14.4,5,live,,,
2023-01-11,bull,alpha_rs_pullback,002044.SZ,,98.53,6.32,6.45,5.96,6.95,5,live,,,
2023-01-11,bull,alpha_rs_pullback,300146.SZ,,97.77,20.88,21.3,20.1,22.37,5,live,,,
2023-01-12,bull,alpha_rs_pullback,603997.SH,,98.6,15.38,15.69,14.52,16.92,5,live,,,
2023-01-12,bull,alpha_rs_pullback,300347.SZ,,98.41,106.63,108.76,101.69,116.07,5,live,,,
2023-01-13,bull,alpha_rs_pullback,000951.SZ,,98.67,14.65,14.94,14.07,15.77,5,live,,,
2023-01-13,bull,alpha_rs_pullback,000938.SZ,,98.37,23.34,23.81,22.55,24.84,5,live,,,
2023-01-16,bull,alpha_rs_pullback,600050.SH,,98.17,4.55,4.64,4.37,4.9,5,live,,,
2023-01-16,bull,alpha_rs_pullback,002555.SZ,,97.57,16.43,16.76,15.82,17.6,5,live,,,
2023-01-17,bull,alpha_rs_pullback,603198.SH,,98.91,63.09,64.35,59.94,69.11,5,live,,,
2023-01-17,bull,alpha_rs_pullback,300979.SZ,,98.7,58.61,59.78,56.17,63.27,5,live,,,
2023-01-18,bull,alpha_rs_pullback,000568.SZ,,98.87,218.06,222.42,210.64,232.22,5,live,,,
2023-01-18,bull,alpha_rs_pullback,601336.SH,,98.33,28.48,29.05,27.56,30.24,5,live,,,
2023-01-19,bull,alpha_rs_pullback,000568.SZ,,97.96,218.83,223.21,211.23,233.35,5,live,,,
2023-01-19,bull,alpha_rs_pullback,002572.SZ,,97.83,16.75,17.09,16.02,18.14,5,live,,,
2023-01-20,bull,alpha_rs_pullback,300558.SZ,,98.8,60.66,61.87,57.78,66.15,5,live,,,
2023-01-20,bull,alpha_rs_pullback,600958.SH,,98.32,10.14,10.34,9.67,11.03,5,live,,,
2023-01-30,bull,alpha_rs_pullback,300759.SZ,,98.12,52.78,53.84,50.0,58.08,5,live,,,
2023-01-30,bull,alpha_rs_pullback,002517.SZ,,97.42,7.59,7.74,7.26,8.22,5,live,,,
2023-01-31,bull,alpha_rs_pullback,603444.SH,,98.55,314.56,320.85,304.03,334.66,5,live,,,
2023-01-31,bull,alpha_rs_pullback,300118.SZ,,98.09,33.24,33.9,31.43,36.7,5,live,,,
2023-02-01,bull,alpha_rs_pullback,002555.SZ,,98.89,17.14,17.48,16.55,18.26,5,live,,,
2023-02-01,bull,alpha_rs_pullback,600225.SH,,98.49,7.32,7.47,6.9,8.05,5,live,,,
2023-02-02,bull,alpha_rs_pullback,688561.SH,,98.79,79.0,80.58,75.46,85.76,5,live,,,
2023-02-02,bull,alpha_rs_pullback,002607.SZ,,98.16,6.09,6.21,5.77,6.7,5,live,,,
2023-02-03,bull,alpha_rs_pullback,000858.SZ,,99.0,178.54,182.11,173.27,188.61,5,live,,,
2023-02-03,bull,alpha_rs_pullback,688153.SH,,98.0,51.76,52.8,48.32,58.32,5,live,,,
2023-02-06,bull,alpha_rs_pullback,000921.SZ,,98.83,15.07,15.37,14.57,16.02,5,live,,,
2023-02-06,bull,alpha_rs_pullback,000032.SZ,,97.92,28.29,28.86,26.42,31.12,5,live,,,
2023-02-07,bull,alpha_rs_pullback,603369.SH,,98.87,53.46,54.53,50.95,58.25,5,live,,,
2023-02-07,bull,alpha_rs_pullback,002601.SZ,,98.8,19.19,19.57,18.7,20.12,5,live,,,
2023-02-08,choppy,alpha_rs_pullback,000921.SZ,,98.99,15.06,15.36,14.56,16.02,5,live,,,
2023-02-08,choppy,alpha_rs_pullback,002044.SZ,,98.69,6.54,6.67,6.21,7.17,5,live,,,
2023-02-09,bull,alpha_rs_pullback,688036.SH,,98.92,58.16,59.32,55.15,63.91,5,live,,,
2023-02-09,bull,alpha_rs_pullback,000683.SZ,,98.78,7.79,7.95,7.54,8.27,5,live,,,
2023-02-10,choppy,alpha_rs_pullback,601728.SH,,98.85,4.4,4.49,4.21,4.77,5,live,,,
2023-02-10,choppy,alpha_rs_pullback,002254.SZ,,98.76,25.13,25.63,24.12,27.06,5,live,,,
2023-02-13,bull,alpha_rs_pullback,603486.SH,,98.52,90.44,92.25,85.42,99.48,5,live,,,
2023-02-13,bull,alpha_rs_pullback,002747.SZ,,98.32,26.15,26.67,25.07,28.22,5,live,,,
2023-02-14,bull,alpha_rs_pullback,603486.SH,,98.26,90.87,92.69,86.02,99.96,5,live,,,
2023-02-14,bull,alpha_rs_pullback,600166.SH,,98.01,3.48,3.55,3.32,3.78,5,live,,,
2023-02-15,choppy,alpha_rs_pullback,600933.SH,,98.9,23.34,23.81,22.37,25.19,5,live,,,
2023-02-15,choppy,alpha_rs_pullback,000921.SZ,,98.88,15.76,16.08,15.21,16.81,5,live,,,
2023-02-16,choppy,alpha_rs_pullback,600166.SH,,98.51,3.46,3.53,3.29,3.78,5,live,,,
2023-02-16,choppy,alpha_rs_pullback,002254.SZ,,98.37,25.37,25.88,24.3,27.42,5,live,,,
2023-02-17,choppy,alpha_rs_pullback,603993.SH,,98.8,5.4,5.51,5.19,5.81,5,live,,,
2023-02-17,choppy,alpha_rs_pullback,688278.SH,,98.52,43.84,44.72,42.18,47.02,5,live,,,
2023-02-20,bull,alpha_rs_pullback,600867.SH,,98.83,10.12,10.32,9.7,10.92,5,live,,,
2023-02-20,bull,alpha_rs_pullback,600771.SH,,98.49,36.6,37.33,35.09,39.48,5,live,,,
2023-02-21,bull,alpha_rs_pullback,000858.SZ,,98.51,178.61,182.18,172.8,189.7,5,live,,,
2023-02-21,bull,alpha_rs_pullback,600867.SH,,98.5,10.1,10.3,9.68,10.91,5,live,,,
2023-02-22,choppy,alpha_rs_pullback,000951.SZ,,99.0,15.7,16.01,14.92,17.2,5,live,,,
2023-02-22,choppy,alpha_rs_pullback,600867.SH,,98.91,10.11,10.31,9.69,10.91,5,live,,,
2023-02-23,choppy,alpha_rs_pullback,603338.SH,,98.98,54.62,55.71,52.85,58.0,5,live,,,
2023-02-23,choppy,alpha_rs_pullback,002254.SZ,,98.61,25.47,25.98,24.55,27.23,5,live,,,
2023-02-24,choppy,alpha_rs_pullback,002572.SZ,,98.88,17.85,18.21,17.09,19.31,5,live,,,
2023-02-24,choppy,alpha_rs_pullback,600166.SH,,98.83,3.66,3.73,3.52,3.92,5,live,,,
2023-02-27,choppy,alpha_rs_pullback,603198.SH,,98.68,62.99,64.25,60.47,67.81,5,live,,,
2023-02-27,choppy,alpha_rs_pullback,600388.SH,,98.62,17.55,17.9,16.86,18.86,5,live,,,
2023-02-28,choppy,alpha_rs_pullback,300832.SZ,,98.93,56.95,58.09,55.08,60.51,5,live,,,
2023-02-28,choppy,alpha_rs_pullback,002572.SZ,,98.88,17.85,18.21,17.08,19.32,5,live,,,
2023-03-01,bull,alpha_rs_pullback,603027.SH,,98.97,17.14,17.48,16.54,18.28,5,live,,,
2023-03-01,bull,alpha_rs_pullback,600867.SH,,98.66,10.1,10.3,9.77,10.74,5,live,,,
2023-03-02,bull,alpha_rs_pullback,002463.SZ,,98.98,15.73,16.04,14.98,17.17,5,live,,,
2023-03-02,bull,alpha_rs_pullback,688169.SH,,98.91,132.92,135.58,126.3,145.56,5,live,,,
2023-03-03,bull,alpha_rs_pullback,002572.SZ,,98.73,18.04,18.4,17.22,19.6,5,live,,,
2023-03-03,bull,alpha_rs_pullback,600559.SH,,98.68,34.47,35.16,32.79,37.68,5,live,,,
2023-03-06,bull,alpha_rs_pullback,000938.SZ,,98.6,25.71,26.22,24.3,28.28,5,live,,,
2023-03-06,bull,alpha_rs_pullback,002262.SZ,,98.51,24.85,25.35,23.63,27.19,5,live,,,
2023-03-07,choppy,alpha_rs_pullback,600160.SH,,98.81,17.75,18.11,17.11,18.96,5,live,,,
2023-03-07,choppy,alpha_rs_pullback,603885.SH,,98.51,16.73,17.06,16.13,17.88,5,live,,,
2023-04-03,choppy,alpha_rs_pullback,600489.SH,,98.77,9.31,9.5,9.0,9.91,5,live,,,
2023-04-03,choppy,alpha_rs_pullback,600637.SH,,96.01,7.54,7.69,7.21,8.17,5,live,,,
2023-04-04,choppy,alpha_rs_pullback,600131.SH,,98.33,19.26,19.65,18.38,20.94,5,live,,,
2023-04-04,choppy,alpha_rs_pullback,603019.SH,,97.14,40.33,41.14,37.62,44.36,5,live,,,
2023-04-06,choppy,alpha_rs_pullback,000921.SZ,,97.53,18.21,18.57,17.53,19.52,5,live,,,
2023-04-06,choppy,alpha_rs_pullback,600941.SH,,96.62,83.49,85.16,79.33,91.43,5,live,,,
2023-04-07,choppy,alpha_rs_pullback,603650.SH,,98.85,40.85,41.67,38.76,44.83,5,live,,,
2023-04-07,choppy,alpha_rs_pullback,002747.SZ,,98.54,27.36,27.91,26.27,29.44,5,live,,,
2023-04-10,choppy,alpha_rs_pullback,000921.SZ,,98.95,18.11,18.47,17.44,19.38,5,live,,,
2023-04-10,choppy,alpha_rs_pullback,600085.SH,,98.57,51.13,52.15,49.09,55.03,5,live,,,
2023-04-11,choppy,alpha_rs_pullback,002690.SZ,,98.63,27.41,27.96,26.4,29.34,5,live,,,
2023-04-11,choppy,alpha_rs_pullback,000423.SZ,,98.12,45.15,46.05,43.11,49.04,5,live,,,
2023-04-12,choppy,alpha_rs_pullback,600129.SH,,98.89,42.9,43.76,40.75,47.0,5,live,,,
2023-04-12,choppy,alpha_rs_pullback,600481.SH,,98.79,14.8,15.1,14.1,16.13,5,live,,,
2023-04-13,choppy,alpha_rs_pullback,002690.SZ,,98.15,27.46,28.01,26.47,29.35,5,live,,,
2023-04-13,choppy,alpha_rs_pullback,600060.SH,,96.83,16.93,17.27,16.02,18.62,5,live,,,
2023-04-14,choppy,alpha_rs_pullback,600637.SH,,98.95,7.67,7.82,7.37,8.25,5,live,,,
2023-04-14,choppy,alpha_rs_pullback,600060.SH,,98.52,16.82,17.16,15.91,18.5,5,live,,,
2023-04-17,choppy,alpha_rs_pullback,002690.SZ,,98.91,27.38,27.93,26.37,29.3,5,live,,,
2023-04-17,choppy,alpha_rs_pullback,688099.SH,,98.54,91.9,93.74,86.13,102.91,5,live,,,
2023-04-18,bull,alpha_rs_pullback,002690.SZ,,98.91,27.38,27.93,26.45,29.16,5,live,,,
2023-04-18,bull,alpha_rs_pullback,002409.SZ,,98.81,63.66,64.93,59.67,70.03,5,live,,,
2023-04-19,bull,alpha_rs_pullback,600938.SH,,98.99,16.12,16.44,15.56,17.19,5,live,,,
2023-04-19,bull,alpha_rs_pullback,688425.SH,,98.96,5.5,5.61,5.27,5.93,5,live,,,
2023-04-20,bull,alpha_rs_pullback,000032.SZ,,98.46,38.93,39.71,36.1,42.82,5,live,,,
2023-04-20,bull,alpha_rs_pullback,600329.SH,,98.14,32.6,33.25,30.82,35.86,5,live,,,
2023-05-08,choppy,alpha_rs_pullback,600489.SH,,98.91,11.12,11.34,10.66,11.99,5,live,,,
2023-05-08,choppy,alpha_rs_pullback,600039.SH,,98.18,8.56,8.73,8.3,9.05,5,live,,,
2023-07-13,choppy,alpha_rs_pullback,600023.SH,,97.62,4.39,4.48,4.24,4.67,5,live,,,
2023-07-13,choppy,alpha_rs_pullback,000951.SZ,,97.15,15.88,16.2,15.3,16.99,5,live,,,
2023-07-14,choppy,alpha_rs_pullback,600760.SH,,97.68,43.57,44.44,42.24,46.11,5,live,,,
2023-07-14,choppy,alpha_rs_pullback,600845.SH,,96.28,41.19,42.01,39.81,43.81,5,live,,,
2023-07-25,choppy,alpha_rs_pullback,002444.SZ,,97.91,22.0,22.44,21.26,23.41,5,live,,,
2023-07-25,choppy,alpha_rs_pullback,002456.SZ,,97.01,5.97,6.09,5.8,6.3,5,live,,,
2023-07-26,choppy,alpha_rs_pullback,600398.SH,,96.71,6.07,6.19,5.89,6.42,5,live,,,
2023-07-26,choppy,alpha_rs_pullback,603786.SH,,96.69,73.49,74.96,68.78,80.84,5,live,,,
2023-07-27,choppy,alpha_rs_pullback,600398.SH,,96.5,6.07,6.19,5.89,6.41,5,live,,,
2023-07-27,choppy,alpha_rs_pullback,603338.SH,,96.06,55.56,56.67,53.64,59.23,5,live,,,
2023-07-28,bull,alpha_rs_pullback,603179.SH,,95.39,33.91,34.59,32.2,37.17,5,live,,,
2023-07-28,bull,alpha_rs_pullback,603087.SH,,93.65,42.87,43.73,41.33,45.82,5,live,,,
2023-07-31,bull,alpha_rs_pullback,603179.SH,,95.82,34.05,34.73,32.4,37.21,5,live,,,
2023-07-31,bull,alpha_rs_pullback,688169.SH,,95.32,136.69,139.42,129.24,150.9,5,live,,,
2023-08-01,bull,alpha_rs_pullback,603786.SH,,95.32,76.1,77.62,72.06,83.71,5,live,,,
2023-08-01,bull,alpha_rs_pullback,601162.SH,,94.92,3.84,3.92,3.7,4.11,5,live,,,
2023-08-02,bull,alpha_rs_pullback,603786.SH,,96.29,76.39,77.92,72.46,83.9,5,live,,,
2023-08-02,bull,alpha_rs_pullback,300979.SZ,,95.61,49.8,50.8,47.46,54.26,5,live,,,
2023-08-03,bull,alpha_rs_pullback,000625.SZ,,98.48,14.62,14.91,13.92,15.95,5,live,,,
2023-08-03,bull,alpha_rs_pullback,603198.SH,,97.45,63.55,64.82,61.42,67.62,5,live,,,
2023-08-04,bull,alpha_rs_pullback,000625.SZ,,98.82,14.66,14.95,13.95,16.01,5,live,,,
2023-08-04,bull,alpha_rs_pullback,000932.SZ,,97.99,5.27,5.38,5.11,5.58,5,live,,,
2023-08-07,bull,alpha_rs_pullback,000625.SZ,,98.48,14.62,14.91,13.95,15.9,5,live,,,
2023-08-07,bull,alpha_rs_pullback,601838.SH,,98.13,11.86,12.1,11.52,12.52,5,live,,,
2023-08-08,bull,alpha_rs_pullback,601799.SH,,98.45,140.39,143.2,133.49,153.57,5,live,,,
2023-08-08,bull,alpha_rs_pullback,000987.SZ,,96.63,7.11,7.25,6.87,7.58,5,live,,,
2023-08-09,bull,alpha_rs_pullback,300782.SZ,,98.32,123.02,125.48,118.25,132.12,5,live,,,
2023-08-09,bull,alpha_rs_pullback,603298.SH,,98.01,16.7,17.03,15.95,18.13,5,live,,,
2023-08-10,bull,alpha_rs_pullback,600675.SH,,98.7,3.93,4.01,3.68,4.32,5,live,,,
2023-08-10,bull,alpha_rs_pullback,600918.SH,,98.42,8.04,8.2,7.75,8.59,5,live,,,
2024-02-07,choppy,alpha_rs_pullback,688676.SH,,95.51,39.33,40.12,36.68,44.39,5,live,,,
2024-02-07,choppy,alpha_rs_pullback,601898.SH,,95.33,10.98,11.2,10.47,11.96,5,live,,,
2024-02-08,choppy,alpha_rs_pullback,300002.SZ,,97.3,10.34,10.55,9.42,12.09,5,live,,,
2024-02-08,choppy,alpha_rs_pullback,003816.SZ,,96.42,3.51,3.58,3.35,3.81,5,live,,,
2024-02-19,choppy,alpha_rs_pullback,002270.SZ,,97.96,14.91,15.21,13.92,16.4,5,live,,,
2024-02-19,choppy,alpha_rs_pullback,300979.SZ,,96.46,52.69,53.74,49.83,58.15,5,live,,,
2024-02-20,choppy,alpha_rs_pullback,300502.SZ,,97.16,31.93,32.57,29.22,37.11,5,live,,,
2024-02-20,choppy,alpha_rs_pullback,002270.SZ,,96.17,14.91,15.21,13.94,16.4,5,live,,,
2024-02-21,choppy,alpha_rs_pullback,601156.SH,,97.86,15.52,15.83,14.5,17.07,5,live,,,
2024-02-21,choppy,alpha_rs_pullback,300979.SZ,,97.48,52.3,53.35,49.54,57.56,5,live,,,
2024-02-22,choppy,alpha_rs_pullback,300002.SZ,,98.27,10.58,10.79,9.7,12.26,5,live,,,
2024-02-22,choppy,alpha_rs_pullback,601156.SH,,98.25,15.48,15.79,14.49,17.03,5,live,,,
2024-02-23,choppy,alpha_rs_pullback,601598.SH,,98.22,5.23,5.33,4.91,5.75,5,live,,,
2024-02-23,choppy,alpha_rs_pullback,000983.SZ,,96.03,10.44,10.65,10.01,11.26,5,live,,,
2024-02-26,choppy,alpha_rs_pullback,600795.SH,,98.47,4.19,4.27,4.04,4.48,5,live,,,
2024-02-26,choppy,alpha_rs_pullback,601998.SH,,98.27,5.59,5.7,5.37,6.01,5,live,,,
2024-02-27,bull,alpha_rs_pullback,600761.SH,,98.8,18.77,19.15,17.67,20.65,5,live,,,
2024-02-27,bull,alpha_rs_pullback,600123.SH,,98.59,11.27,11.5,10.79,12.19,5,live,,,
2024-02-28,bull,alpha_rs_pullback,601766.SH,,98.88,5.67,5.78,5.5,5.99,5,live,,,
2024-02-28,bull,alpha_rs_pullback,000933.SZ,,98.2,16.35,16.68,15.61,17.77,5,live,,,
2024-02-29,bull,alpha_rs_pullback,603979.SH,,98.4,42.3,43.15,40.09,46.52,5,live,,,
2024-02-29,bull,alpha_rs_pullback,003816.SZ,,97.65,3.61,3.68,3.47,3.88,5,live,,,
2024-03-01,bull,alpha_rs_pullback,601666.SH,,97.83,12.14,12.38,11.52,13.33,5,live,,,
2024-03-01,bull,alpha_rs_pullback,002423.SZ,,97.6,8.33,8.5,7.76,9.16,5,live,,,
2024-03-04,bull,alpha_rs_pullback,601168.SH,,98.17,15.08,15.38,14.4,16.37,5,live,,,
2024-03-04,bull,alpha_rs_pullback,600160.SH,,97.3,19.86,20.26,18.75,21.85,5,live,,,
2024-03-05,bull,alpha_rs_pullback,601666.SH,,98.89,12.19,12.43,11.57,13.38,5,live,,,
2024-03-05,bull,alpha_rs_pullback,600160.SH,,98.15,19.91,20.31,18.84,21.9,5,live,,,
2024-03-06,bull,alpha_rs_pullback,601666.SH,,98.69,12.21,12.45,11.6,13.38,5,live,,,
2024-03-06,bull,alpha_rs_pullback,603658.SH,,98.25,57.6,58.75,54.58,63.36,5,live,,,
2024-03-07,bull,alpha_rs_pullback,600566.SH,,98.5,31.34,31.97,30.21,33.5,5,live,,,
2024-03-07,bull,alpha_rs_pullback,603806.SH,,98.06,19.63,20.02,18.61,21.58,5,live,,,
2024-03-08,bull,alpha_rs_pullback,601666.SH,,98.27,12.23,12.47,11.64,13.36,5,live,,,
2024-03-08,bull,alpha_rs_pullback,601127.SH,,97.93,93.06,94.92,86.86,102.37,5,live,,,
2024-03-11,bull,alpha_rs_pullback,600566.SH,,98.42,31.33,31.96,30.31,33.27,5,live,,,
2024-03-11,bull,alpha_rs_pullback,601038.SH,,97.71,15.84,16.16,15.14,17.18,5,live,,,
2024-03-12,bull,alpha_rs_pullback,600066.SH,,98.3,15.21,15.51,14.51,16.54,5,live,,,
2024-03-12,bull,alpha_rs_pullback,603529.SH,,97.99,29.98,30.58,28.7,32.42,5,live,,,
2024-03-13,bull,alpha_rs_pullback,601921.SH,,98.98,8.26,8.43,7.91,8.92,5,live,,,
2024-03-13,bull,alpha_rs_pullback,600582.SH,,97.87,5.8,5.92,5.59,6.2,5,live,,,
2024-03-14,bull,alpha_rs_pullback,000988.SZ,,98.53,34.27,34.96,32.25,37.7,5,live,,,
2024-03-14,bull,alpha_rs_pullback,002463.SZ,,97.21,29.03,29.61,27.18,31.93,5,live,,,
2024-03-15,bull,alpha_rs_pullback,300251.SZ,,98.68,9.29,9.48,8.82,10.19,5,live,,,
2024-03-15,bull,alpha_rs_pullback,000988.SZ,,97.44,34.54,35.23,32.53,37.99,5,live,,,
2024-03-18,bull,alpha_rs_pullback,300476.SZ,,98.55,26.72,27.25,24.85,30.29,5,live,,,
2024-03-18,bull,alpha_rs_pullback,301236.SZ,,97.04,52.85,53.91,48.92,60.36,5,live,,,
2024-03-19,bull,alpha_rs_pullback,300475.SZ,,98.15,41.53,42.36,38.48,47.34,5,live,,,
2024-03-19,bull,alpha_rs_pullback,603556.SH,,98.0,34.58,35.27,33.17,37.28,5,live,,,
2024-03-20,bull,alpha_rs_pullback,600066.SH,,98.8,15.44,15.75,14.88,16.5,5,live,,,
2024-03-20,bull,alpha_rs_pullback,688506.SH,,98.21,140.3,143.11,131.64,156.83,5,live,,,
2024-03-21,bull,alpha_rs_pullback,688248.SH,,98.32,30.26,30.87,28.77,33.1,5,live,,,
2024-03-21,bull,alpha_rs_pullback,600023.SH,,98.02,5.23,5.33,5.01,5.65,5,live,,,
2024-03-22,choppy,alpha_rs_pullback,002916.SZ,,98.86,67.09,68.43,63.13,73.8,5,live,,,
2024-03-22,choppy,alpha_rs_pullback,600023.SH,,98.67,5.24,5.34,5.03,5.64,5,live,,,
2024-03-25,choppy,alpha_rs_pullback,688516.SH,,98.94,71.23,72.65,67.7,77.96,5,live,,,
2024-03-25,choppy,alpha_rs_pullback,600673.SH,,98.76,8.11,8.27,7.87,8.57,5,live,,,
2024-03-26,choppy,alpha_rs_pullback,688278.SH,,98.97,65.09,66.39,62.52,69.99,5,live,,,
2024-03-26,choppy,alpha_rs_pullback,600489.SH,,98.52,11.21,11.43,10.86,11.88,5,live,,,
2024-03-27,choppy,alpha_rs_pullback,600066.SH,,98.53,15.5,15.81,14.95,16.54,5,live,,,
2024-03-27,choppy,alpha_rs_pullback,600233.SH,,98.53,13.93,14.21,13.4,14.94,5,live,,,
2024-03-28,choppy,alpha_rs_pullback,300757.SZ,,98.88,100.44,102.45,93.43,113.82,5,live,,,
2024-03-28,choppy,alpha_rs_pullback,600066.SH,,98.81,15.54,15.85,14.98,16.61,5,live,,,
2024-03-29,choppy,alpha_rs_pullback,002916.SZ,,96.82,66.56,67.89,63.32,72.74,5,live,,,
2024-03-29,choppy,alpha_rs_pullback,601865.SH,,96.67,27.35,27.9,26.03,29.86,5,live,,,
2024-04-01,bull,alpha_rs_pullback,600160.SH,,97.29,22.51,22.96,21.37,24.7,5,live,,,
2024-04-01,bull,alpha_rs_pullback,000878.SZ,,96.9,12.53,12.78,11.97,13.6,5,live,,,
2024-04-02,bull,alpha_rs_pullback,300274.SZ,,97.57,73.85,75.33,71.11,79.09,5,live,,,
2024-04-02,bull,alpha_rs_pullback,688009.SH,,96.87,5.08,5.18,4.92,5.39,5,live,,,
2024-04-03,bull,alpha_rs_pullback,002916.SZ,,97.83,69.85,71.25,66.3,76.63,5,live,,,
2024-04-03,bull,alpha_rs_pullback,688187.SH,,97.23,44.72,45.61,42.89,48.22,5,live,,,
2024-04-08,choppy,alpha_rs_pullback,002916.SZ,,97.99,69.26,70.65,66.0,75.47,5,live,,,
2024-04-08,choppy,alpha_rs_pullback,601918.SH,,97.7,8.12,8.28,7.66,8.93,5,live,,,
2024-04-09,choppy,alpha_rs_pullback,002444.SZ,,98.72,25.27,25.78,24.18,27.35,5,live,,,
2024-04-09,choppy,alpha_rs_pullback,601975.SH,,98.28,3.62,3.69,3.45,3.94,5,live,,,
2024-04-10,choppy,alpha_rs_pullback,000408.SZ,,98.7,30.21,30.81,29.04,32.44,5,live,,,
2024-04-10,choppy,alpha_rs_pullback,300750.SZ,,98.67,179.48,183.07,174.61,188.77,5,live,,,
2024-04-11,choppy,alpha_rs_pullback,601872.SH,,98.93,7.26,7.41,6.99,7.78,5,live,,,
2024-04-11,choppy,alpha_rs_pullback,600938.SH,,97.91,26.38,26.91,25.59,27.88,5,live,,,
2024-04-12,choppy,alpha_rs_pullback,002532.SZ,,98.77,6.28,6.41,6.03,6.75,5,live,,,
2024-04-12,choppy,alpha_rs_pullback,002157.SZ,,98.76,2.91,2.97,2.8,3.12,5,live,,,
2024-04-15,bull,alpha_rs_pullback,601168.SH,,98.93,18.99,19.37,18.01,20.86,5,live,,,
2024-04-15,bull,alpha_rs_pullback,601808.SH,,98.08,18.2,18.56,17.31,19.89,5,live,,,
2024-04-16,choppy,alpha_rs_pullback,603979.SH,,98.36,53.23,54.29,50.57,58.31,5,live,,,
2024-04-16,choppy,alpha_rs_pullback,601975.SH,,97.09,3.64,3.71,3.47,3.97,5,live,,,
2024-04-17,bull,alpha_rs_pullback,300573.SZ,,96.5,75.47,76.98,72.47,81.2,5,live,,,
2024-04-17,bull,alpha_rs_pullback,603979.SH,,95.74,53.77,54.85,51.08,58.91,5,live,,,
2024-04-18,bull,alpha_rs_pullback,601600.SH,,98.24,6.97,7.11,6.65,7.59,5,live,,,
2024-04-18,bull,alpha_rs_pullback,601975.SH,,98.1,3.68,3.75,3.51,4.01,5,live,,,
2024-04-19,bull,alpha_rs_pullback,002608.SZ,,98.28,7.99,8.15,7.67,8.59,5,live,,,
2024-04-19,bull,alpha_rs_pullback,000688.SZ,,97.95,13.99,14.27,12.99,15.39,5,live,,,
2024-04-22,choppy,alpha_rs_pullback,600642.SH,,98.89,7.2,7.34,6.99,7.6,5,live,,,
2024-04-22,choppy,alpha_rs_pullback,600066.SH,,98.44,19.64,20.03,18.76,21.32,5,live,,,
2024-04-24,choppy,alpha_rs_pullback,000400.SZ,,98.98,26.26,26.79,25.12,28.44,5,live,,,
2024-04-24,choppy,alpha_rs_pullback,600690.SH,,98.75,25.96,26.48,25.23,27.36,5,live,,,
2024-04-25,choppy,alpha_rs_pullback,688568.SH,,98.83,26.35,26.88,24.71,29.48,5,live,,,
2024-04-25,choppy,alpha_rs_pullback,601857.SH,,98.6,9.23,9.41,8.89,9.88,5,live,,,
2024-04-26,bull,alpha_rs_pullback,000688.SZ,,98.61,14.06,14.34,13.1,15.47,5,live,,,
2024-04-26,bull,alpha_rs_pullback,002078.SZ,,97.74,14.73,15.02,14.3,15.55,5,live,,,
2024-04-29,bull,alpha_rs_pullback,301498.SZ,,98.46,52.1,53.14,49.32,57.41,5,live,,,
2024-04-29,bull,alpha_rs_pullback,000423.SZ,,97.5,59.61,60.8,57.65,63.36,5,live,,,
2024-04-30,bull,alpha_rs_pullback,000883.SZ,,97.29,5.36,5.47,5.17,5.73,5,live,,,
2024-04-30,bull,alpha_rs_pullback,300476.SZ,,97.21,29.2,29.78,27.28,32.87,5,live,,,
2024-05-06,bull,alpha_rs_pullback,300308.SZ,,97.63,130.48,133.09,123.41,143.97,5,live,,,
2024-05-06,bull,alpha_rs_pullback,002463.SZ,,97.45,31.92,32.56,30.3,35.01,5,live,,,
2024-05-07,bull,alpha_rs_pullback,600060.SH,,98.17,24.44,24.93,23.46,26.3,5,live,,,
2024-05-07,bull,alpha_rs_pullback,603298.SH,,97.43,21.36,21.79,20.4,23.2,5,live,,,
2024-05-08,bull,alpha_rs_pullback,601677.SH,,98.85,12.69,12.94,12.12,13.77,5,live,,,
2024-05-08,bull,alpha_rs_pullback,000425.SZ,,98.77,6.87,7.01,6.54,7.5,5,live,,,
2024-05-09,bull,alpha_rs_pullback,000426.SZ,,98.95,13.22,13.48,12.59,14.43,5,live,,,
2024-05-09,bull,alpha_rs_pullback,688169.SH,,97.88,221.57,226.0,211.06,241.63,5,live,,,
2024-05-10,bull,alpha_rs_pullback,002938.SZ,,98.04,25.67,26.18,24.68,27.56,5,live,,,
2024-05-10,bull,alpha_rs_pullback,601567.SH,,97.44,32.33,32.98,30.86,35.15,5,live,,,
2024-05-13,bull,alpha_rs_pullback,002653.SZ,,98.83,29.5,30.09,28.26,31.86,5,live,,,
2024-05-13,bull,alpha_rs_pullback,002340.SZ,,98.68,6.61,6.74,6.36,7.08,5,live,,,
2024-05-14,bull,alpha_rs_pullback,002340.SZ,,98.93,6.62,6.75,6.38,7.07,5,live,,,
2024-05-14,bull,alpha_rs_pullback,300627.SZ,,98.84,20.93,21.35,20.02,22.67,5,live,,,
2024-05-15,bull,alpha_rs_pullback,600285.SH,,98.89,22.71,23.16,21.72,24.59,5,live,,,
2024-05-15,bull,alpha_rs_pullback,601038.SH,,98.88,17.85,18.21,17.19,19.12,5,live,,,
2024-05-16,bull,alpha_rs_pullback,603699.SH,,98.6,18.02,18.38,17.24,19.51,5,live,,,
2024-05-16,bull,alpha_rs_pullback,603565.SH,,98.57,8.39,8.56,8.05,9.05,5,live,,,
2024-05-17,bull,alpha_rs_pullback,601156.SH,,98.85,19.56,19.95,18.62,21.35,5,live,,,
2024-05-17,bull,alpha_rs_pullback,601138.SH,,98.35,24.11,24.59,23.19,25.87,5,live,,,
2024-05-20,bull,alpha_rs_pullback,300476.SZ,,98.79,29.61,30.2,27.82,33.03,5,live,,,
2024-05-20,bull,alpha_rs_pullback,600487.SH,,98.19,14.83,15.13,14.24,15.95,5,live,,,
2024-05-21,bull,alpha_rs_pullback,600521.SH,,98.98,17.01,17.35,16.46,18.07,5,live,,,
2024-05-21,bull,alpha_rs_pullback,601138.SH,,98.56,24.13,24.61,23.22,25.86,5,live,,,
2024-05-22,bull,alpha_rs_pullback,688475.SH,,98.98,38.34,39.11,36.71,41.44,5,live,,,
2024-05-22,bull,alpha_rs_pullback,600521.SH,,98.83,17.02,17.36,16.46,18.09,5,live,,,
2024-05-23,bull,alpha_rs_pullback,601918.SH,,98.12,9.27,9.46,8.9,9.97,5,live,,,
2024-05-23,bull,alpha_rs_pullback,688475.SH,,97.63,38.14,38.9,36.55,41.17,5,live,,,
2024-05-24,choppy,alpha_rs_pullback,000830.SZ,,98.97,11.43,11.66,11.13,12.01,5,live,,,
2024-05-24,choppy,alpha_rs_pullback,600521.SH,,98.57,16.98,17.32,16.47,17.95,5,live,,,
2024-05-27,choppy,alpha_rs_pullback,600521.SH,,98.87,17.0,17.34,16.51,17.93,5,live,,,
2024-05-27,choppy,alpha_rs_pullback,600183.SH,,98.79,19.45,19.84,18.78,20.73,5,live,,,
2024-05-28,choppy,alpha_rs_pullback,000921.SZ,,98.95,37.73,38.48,36.34,40.39,5,live,,,
2024-05-28,choppy,alpha_rs_pullback,000933.SZ,,98.71,21.98,22.42,21.04,23.77,5,live,,,
2024-05-29,choppy,alpha_rs_pullback,000400.SZ,,98.92,28.41,28.98,27.08,30.95,5,live,,,
2024-05-29,choppy,alpha_rs_pullback,603699.SH,,98.83,17.98,18.34,17.32,19.23,5,live,,,
2024-05-30,choppy,alpha_rs_pullback,601128.SH,,98.67,5.9,6.02,5.73,6.23,5,live,,,
2024-05-30,choppy,alpha_rs_pullback,002028.SZ,,98.66,71.05,72.47,68.26,76.38,5,live,,,
2024-06-03,choppy,alpha_rs_pullback,601001.SH,,98.07,16.3,16.63,15.61,17.62,5,live,,,
2024-06-03,choppy,alpha_rs_pullback,000682.SZ,,96.74,11.53,11.76,11.0,12.54,5,live,,,
2024-06-04,choppy,alpha_rs_pullback,600026.SH,,98.85,16.13,16.45,15.5,17.33,5,live,,,
2024-06-04,choppy,alpha_rs_pullback,301358.SZ,,98.83,38.12,38.88,36.65,40.92,5,live,,,
2024-06-05,choppy,alpha_rs_pullback,300761.SZ,,97.08,23.33,23.8,22.21,25.47,5,live,,,
2024-06-05,choppy,alpha_rs_pullback,300502.SZ,,97.07,47.3,48.25,44.51,52.63,5,live,,,
2024-06-06,choppy,alpha_rs_pullback,000682.SZ,,98.51,11.61,11.84,11.05,12.68,5,live,,,
2024-06-06,choppy,alpha_rs_pullback,300761.SZ,,97.7,23.41,23.88,22.3,25.54,5,live,,,
2024-09-24,choppy,alpha_rs_pullback,002468.SZ,,96.72,10.28,10.49,9.94,10.93,5,live,,,
2024-09-24,choppy,alpha_rs_pullback,002597.SZ,,95.62,21.89,22.33,20.91,23.76,5,live,,,
2024-09-25,choppy,alpha_rs_pullback,300002.SZ,,95.46,9.25,9.44,8.9,9.92,5,live,,,
2024-09-25,choppy,alpha_rs_pullback,601601.SH,,94.92,30.38,30.99,29.39,32.26,5,live,,,
2024-09-26,choppy,alpha_rs_pullback,002468.SZ,,96.97,10.27,10.48,9.92,10.93,5,live,,,
2024-09-26,choppy,alpha_rs_pullback,600536.SH,,95.27,35.9,36.62,34.43,38.71,5,live,,,
2024-09-27,choppy,alpha_rs_pullback,603871.SH,,93.78,13.65,13.92,13.16,14.58,5,live,,,
2024-09-27,choppy,alpha_rs_pullback,600418.SH,,91.94,22.8,23.26,21.66,24.97,5,live,,,
2024-10-09,bull,alpha_rs_pullback,603871.SH,,92.12,15.57,15.88,14.86,16.93,5,live,,,
2024-10-09,bull,alpha_rs_pullback,002405.SZ,,90.15,10.1,10.3,9.57,11.11,5,live,,,
2024-10-10,bull,alpha_rs_pullback,002202.SZ,,93.1,10.18,10.38,9.84,10.82,5,live,,,
2024-10-10,bull,alpha_rs_pullback,601106.SH,,91.5,3.3,3.37,3.17,3.54,5,live,,,
2024-10-11,bull,alpha_rs_pullback,605499.SH,,93.99,164.57,167.86,158.1,176.93,5,live,,,
2024-10-14,bull,alpha_rs_pullback,601318.SH,,91.89,53.4,54.47,51.26,57.49,5,live,,,
2024-10-15,bull,alpha_rs_pullback,600516.SH,,92.07,5.18,5.28,4.96,5.6,5,live,,,
2024-10-15,bull,alpha_rs_pullback,605499.SH,,90.75,162.47,165.72,155.17,176.41,5,live,,,
2024-10-16,bull,alpha_rs_pullback,600563.SH,,91.19,102.18,104.22,96.65,112.4,5,live,,,
2024-10-16,bull,alpha_rs_pullback,601825.SH,,90.76,7.65,7.8,7.28,8.35,5,live,,,
2024-10-17,bull,alpha_rs_pullback,601665.SH,,92.94,4.98,5.08,4.72,5.48,5,live,,,
2024-10-18,bull,alpha_rs_pullback,000158.SZ,,96.09,24.87,25.37,22.52,27.36,5,live,,,
2024-10-18,bull,alpha_rs_pullback,002142.SZ,,90.26,24.38,24.87,22.94,26.82,5,live,,,
2024-10-21,bull,alpha_rs_pullback,300476.SZ,,96.91,50.47,51.48,45.73,59.52,5,live,,,
2024-10-21,bull,alpha_rs_pullback,600418.SH,,95.47,33.41,34.08,31.17,36.75,5,live,,,
2024-10-22,bull,alpha_rs_pullback,002847.SZ,,97.02,53.07,54.13,50.13,58.38,5,live,,,
2024-10-22,bull,alpha_rs_pullback,688469.SH,,95.3,4.81,4.91,4.52,5.35,5,live,,,
2024-10-23,bull,alpha_rs_pullback,688278.SH,,98.52,80.8,82.42,75.05,91.79,5,live,,,
2024-10-23,bull,alpha_rs_pullback,002847.SZ,,98.42,53.6,54.67,50.84,58.88,5,live,,,
2024-10-24,bull,alpha_rs_pullback,688278.SH,,98.94,80.63,82.24,74.96,91.46,5,live,,,
2024-10-24,bull,alpha_rs_pullback,002027.SZ,,98.59,6.82,6.96,6.46,7.5,5,live,,,
2024-10-25,bull,alpha_rs_pullback,600562.SH,,98.01,17.79,18.15,16.86,19.57,5,live,,,
2024-10-25,bull,alpha_rs_pullback,002847.SZ,,97.99,53.27,54.34,50.82,57.95,5,live,,,
2024-10-28,bull,alpha_rs_pullback,600460.SH,,98.98,28.28,28.85,26.21,31.11,5,live,,,
2024-10-28,bull,alpha_rs_pullback,002202.SZ,,98.33,10.63,10.84,10.1,11.65,5,live,,,
2024-10-29,bull,alpha_rs_pullback,301165.SZ,,98.62,25.24,25.74,23.61,28.35,5,live,,,
2024-10-29,bull,alpha_rs_pullback,002517.SZ,,97.0,13.3,13.57,12.47,14.63,5,live,,,
2024-10-30,choppy,alpha_rs_pullback,601615.SH,,98.73,11.41,11.64,10.8,12.55,5,live,,,
2024-10-30,choppy,alpha_rs_pullback,002544.SZ,,98.03,24.86,25.36,23.61,27.25,5,live,,,
2024-10-31,choppy,alpha_rs_pullback,600563.SH,,97.37,109.56,111.75,103.55,120.52,5,live,,,
2024-10-31,choppy,alpha_rs_pullback,002517.SZ,,97.16,13.18,13.44,12.37,14.5,5,live,,,
2024-11-01,choppy,alpha_rs_pullback,600862.SH,,98.94,23.46,23.93,22.41,25.46,5,live,,,
2024-11-01,choppy,alpha_rs_pullback,002202.SZ,,98.33,10.63,10.84,10.14,11.56,5,live,,,
2024-11-04,bull,alpha_rs_pullback,002202.SZ,,98.57,10.64,10.85,10.16,11.56,5,live,,,
2024-11-04,bull,alpha_rs_pullback,601399.SH,,97.35,3.46,3.53,3.3,3.76,5,live,,,
2024-11-05,bull,alpha_rs_pullback,603699.SH,,97.63,22.19,22.63,20.93,24.41,5,live,,,
2024-11-05,bull,alpha_rs_pullback,002602.SZ,,96.84,4.95,5.05,4.7,5.43,5,live,,,
2024-11-06,bull,alpha_rs_pullback,603699.SH,,98.19,22.27,22.72,20.96,24.5,5,live,,,
2024-11-06,bull,alpha_rs_pullback,688702.SH,,98.15,60.0,61.2,54.9,69.74,5,live,,,
2024-11-07,bull,alpha_rs_pullback,002281.SZ,,98.0,45.03,45.93,42.38,49.53,5,live,,,
2024-11-07,bull,alpha_rs_pullback,000408.SZ,,97.91,29.26,29.85,28.12,31.44,5,live,,,
2024-11-08,bull,alpha_rs_pullback,002517.SZ,,98.68,13.63,13.9,12.9,14.99,5,live,,,
2024-11-08,bull,alpha_rs_pullback,601211.SH,,97.52,20.12,20.52,19.36,21.57,5,live,,,
2024-11-11,bull,alpha_rs_pullback,600517.SH,,98.53,5.86,5.98,5.61,6.33,5,live,,,
2024-11-11,bull,alpha_rs_pullback,002405.SZ,,97.49,11.26,11.49,10.66,12.39,5,live,,,
2024-11-12,bull,alpha_rs_pullback,603893.SH,,98.65,91.72,93.55,87.77,99.26,5,live,,,
2024-11-12,bull,alpha_rs_pullback,002625.SZ,,98.02,48.44,49.41,44.86,53.28,5,live,,,
2024-11-13,bull,alpha_rs_pullback,300438.SZ,,98.71,38.1,38.86,35.41,43.24,5,live,,,
2024-11-13,bull,alpha_rs_pullback,300054.SZ,,98.64,29.84,30.44,28.57,32.26,5,live,,,
2024-11-14,bull,alpha_rs_pullback,688072.SH,,97.4,205.0,209.1,189.95,233.74,5,live,,,
2024-11-14,bull,alpha_rs_pullback,002517.SZ,,96.84,13.58,13.85,12.83,14.94,5,live,,,
2024-11-15,choppy,alpha_rs_pullback,000301.SZ,,94.5,9.96,10.16,9.57,10.71,5,live,,,
2024-11-15,choppy,alpha_rs_pullback,002145.SZ,,94.19,4.61,4.7,4.39,5.02,5,live,,,
2024-11-18,choppy,alpha_rs_pullback,601963.SH,,91.2,8.68,8.85,8.23,9.54,5,live,,,
2024-11-18,choppy,alpha_rs_pullback,600959.SH,,91.08,3.52,3.59,3.39,3.77,5,live,,,
2024-11-19,choppy,alpha_rs_pullback,000623.SZ,,97.38,18.27,18.64,17.56,19.62,5,live,,,
2024-11-19,choppy,alpha_rs_pullback,688425.SH,,96.51,4.71,4.8,4.52,5.07,5,live,,,
2024-11-20,choppy,alpha_rs_pullback,603341.SH,,98.45,47.0,47.94,43.96,51.7,5,live,,,
2024-11-20,choppy,alpha_rs_pullback,000623.SZ,,98.42,18.32,18.69,17.63,19.63,5,live,,,
2024-11-21,choppy,alpha_rs_pullback,000893.SZ,,98.82,21.94,22.38,20.84,24.05,5,live,,,
2024-11-21,choppy,alpha_rs_pullback,688425.SH,,98.24,4.77,4.87,4.59,5.11,5,live,,,
2024-11-22,choppy,alpha_rs_pullback,600415.SH,,94.89,11.76,12.0,11.04,12.94,5,live,,,
2024-11-22,choppy,alpha_rs_pullback,000893.SZ,,94.24,21.55,21.98,20.44,23.67,5,live,,,
2024-11-25,choppy,alpha_rs_pullback,000893.SZ,,98.0,21.87,22.31,20.82,23.87,5,live,,,
2024-11-25,choppy,alpha_rs_pullback,301358.SZ,,96.42,51.3,52.33,47.65,58.26,5,live,,,
2024-11-26,choppy,alpha_rs_pullback,603529.SH,,95.75,36.23,36.95,34.39,39.74,5,live,,,
2024-11-26,choppy,alpha_rs_pullback,002624.SZ,,94.14,11.81,12.05,11.09,12.99,5,live,,,
2024-11-27,choppy,alpha_rs_pullback,300679.SZ,,98.78,52.12,53.16,49.05,57.99,5,live,,,
2024-11-27,choppy,alpha_rs_pullback,603529.SH,,96.39,36.24,36.96,34.46,39.64,5,live,,,
2024-11-28,choppy,alpha_rs_pullback,300679.SZ,,98.67,52.01,53.05,49.04,57.68,5,live,,,
2024-11-28,choppy,alpha_rs_pullback,600562.SH,,98.67,20.09,20.49,18.86,22.1,5,live,,,
2024-11-29,choppy,alpha_rs_pullback,002837.SZ,,97.84,21.91,22.35,20.49,24.1,5,live,,,
2024-11-29,choppy,alpha_rs_pullback,301358.SZ,,97.76,51.57,52.6,48.29,57.83,5,live,,,
2024-12-02,choppy,alpha_rs_pullback,688256.SH,,98.34,376.88,384.42,345.32,437.12,5,live,,,
2024-12-02,choppy,alpha_rs_pullback,600562.SH,,98.3,20.01,20.41,18.87,22.01,5,live,,,
2024-12-03,choppy,alpha_rs_pullback,600104.SH,,98.38,18.38,18.75,16.88,20.22,5,live,,,
2024-12-03,choppy,alpha_rs_pullback,000997.SZ,,98.15,20.75,21.16,19.52,22.83,5,live,,,
2024-12-04,choppy,alpha_rs_pullback,688506.SH,,98.63,234.89,239.59,222.25,259.02,5,live,,,
2024-12-04,choppy,alpha_rs_pullback,688349.SH,,97.79,24.2,24.68,23.04,26.42,5,live,,,
2024-12-05,choppy,alpha_rs_pullback,002563.SZ,,98.73,6.22,6.34,5.97,6.69,5,live,,,
2024-12-05,choppy,alpha_rs_pullback,688349.SH,,98.53,24.27,24.76,23.09,26.53,5,live,,,
2024-12-06,bull,alpha_rs_pullback,600415.SH,,98.59,13.32,13.59,12.54,14.65,5,live,,,
2024-12-06,bull,alpha_rs_pullback,688249.SH,,98.34,28.35,28.92,26.78,31.34,5,live,,,
2024-12-09,bull,alpha_rs_pullback,603296.SH,,98.4,44.52,45.41,42.61,48.16,5,live,,,
2024-12-09,bull,alpha_rs_pullback,002563.SZ,,98.03,6.25,6.38,6.0,6.73,5,live,,,
2024-12-10,bull,alpha_rs_pullback,688469.SH,,97.04,5.92,6.04,5.65,6.44,5,live,,,
2024-12-10,bull,alpha_rs_pullback,603885.SH,,95.98,14.64,14.93,13.89,16.06,5,live,,,
2024-12-11,choppy,alpha_rs_pullback,603833.SH,,98.54,68.18,69.54,64.49,75.0,5,live,,,
2024-12-11,choppy,alpha_rs_pullback,002568.SZ,,96.35,27.07,27.61,25.7,29.69,5,live,,,
2024-12-12,choppy,alpha_rs_pullback,601615.SH,,98.39,13.88,14.16,13.27,15.04,5,live,,,
2024-12-12,choppy,alpha_rs_pullback,603025.SH,,97.93,15.54,15.85,14.87,16.82,5,live,,,
2024-12-24,choppy,alpha_rs_pullback,300866.SZ,,98.71,92.96,94.82,89.2,100.13,5,live,,,
2024-12-24,choppy,alpha_rs_pullback,002563.SZ,,96.72,6.37,6.5,6.1,6.89,5,live,,,
2024-12-25,choppy,alpha_rs_pullback,600707.SH,,98.98,8.29,8.46,7.89,9.04,5,live,,,
2024-12-25,choppy,alpha_rs_pullback,002568.SZ,,98.62,26.99,27.53,25.7,29.46,5,live,,,
2024-12-26,choppy,alpha_rs_pullback,600707.SH,,98.98,8.29,8.46,7.89,9.06,5,live,,,
2024-12-26,choppy,alpha_rs_pullback,600104.SH,,98.35,18.29,18.66,17.3,20.12,5,live,,,
2024-12-27,choppy,alpha_rs_pullback,002602.SZ,,98.14,5.04,5.14,4.8,5.5,5,live,,,
2024-12-27,choppy,alpha_rs_pullback,300888.SZ,,97.64,41.58,42.41,39.43,45.68,5,live,,,
2024-12-30,choppy,alpha_rs_pullback,605499.SH,,98.59,183.84,187.52,177.12,196.68,5,live,,,
2024-12-30,choppy,alpha_rs_pullback,300779.SZ,,98.4,69.22,70.6,65.87,75.62,5,live,,,
2025-02-07,choppy,alpha_rs_pullback,002050.SZ,,97.33,34.68,35.37,32.41,38.15,5,live,,,
2025-02-07,choppy,alpha_rs_pullback,603766.SH,,97.17,9.17,9.35,8.81,9.86,5,live,,,
2025-02-10,choppy,alpha_rs_pullback,300433.SZ,,98.32,26.83,27.37,24.93,30.46,5,live,,,
2025-02-10,choppy,alpha_rs_pullback,603338.SH,,98.2,64.72,66.01,61.98,69.95,5,live,,,
2025-02-11,choppy,alpha_rs_pullback,002126.SZ,,98.97,22.13,22.57,21.18,23.94,5,live,,,
2025-02-11,choppy,alpha_rs_pullback,688279.SH,,98.28,226.88,231.42,211.92,255.43,5,live,,,
2025-02-12,choppy,alpha_rs_pullback,601100.SH,,98.92,64.49,65.78,61.28,70.62,5,live,,,
2025-02-12,choppy,alpha_rs_pullback,688235.SH,,97.91,191.21,195.03,184.9,203.25,5,live,,,
2025-02-13,choppy,alpha_rs_pullback,300433.SZ,,98.44,27.42,27.97,25.86,30.4,5,live,,,
2025-02-13,choppy,alpha_rs_pullback,688578.SH,,97.77,67.71,69.06,64.47,73.89,5,live,,,
2025-02-14,choppy,alpha_rs_pullback,600967.SH,,98.49,9.76,9.96,9.37,10.51,5,live,,,
2025-02-14,choppy,alpha_rs_pullback,600988.SH,,97.96,19.66,20.05,19.09,20.75,5,live,,,
2025-02-17,choppy,alpha_rs_pullback,688475.SH,,98.96,39.62,40.41,36.72,45.15,5,live,,,
2025-02-17,choppy,alpha_rs_pullback,688578.SH,,98.9,68.06,69.42,65.17,73.58,5,live,,,
2025-02-18,choppy,alpha_rs_pullback,001309.SZ,,98.62,83.42,85.09,77.58,91.76,5,live,,,
2025-02-18,choppy,alpha_rs_pullback,688578.SH,,98.3,68.22,69.58,65.41,73.59,5,live,,,
2025-02-19,choppy,alpha_rs_pullback,002517.SZ,,97.87,16.24,16.56,15.47,17.71,5,live,,,
2025-02-19,choppy,alpha_rs_pullback,002230.SZ,,97.55,54.18,55.26,52.05,58.25,5,live,,,
2025-02-20,choppy,alpha_rs_pullback,300627.SZ,,98.93,30.74,31.35,29.4,33.29,5,live,,,
2025-02-20,choppy,alpha_rs_pullback,603228.SH,,98.63,37.71,38.46,35.7,41.48,5,live,,,
2025-02-21,choppy,alpha_rs_pullback,002850.SZ,,98.87,136.98,139.72,128.02,150.68,5,live,,,
2025-02-21,choppy,alpha_rs_pullback,603882.SH,,97.29,38.13,38.89,35.41,41.94,5,live,,,
2025-02-24,choppy,alpha_rs_pullback,002517.SZ,,98.5,16.28,16.61,15.41,17.91,5,live,,,
2025-02-24,choppy,alpha_rs_pullback,002938.SZ,,97.85,40.27,41.08,38.59,43.47,5,live,,,
2025-02-25,bull,alpha_rs_pullback,688169.SH,,98.94,183.9,187.58,174.58,201.69,5,live,,,
2025-02-25,bull,alpha_rs_pullback,600967.SH,,98.18,10.27,10.48,9.75,11.26,5,live,,,
2025-02-26,bull,alpha_rs_pullback,002410.SZ,,98.99,13.57,13.84,12.94,14.78,5,live,,,
2025-02-26,bull,alpha_rs_pullback,002906.SZ,,98.72,35.03,35.73,33.31,38.3,5,live,,,
2025-02-27,bull,alpha_rs_pullback,603486.SH,,98.88,58.35,59.52,55.5,63.79,5,live,,,
2025-02-27,bull,alpha_rs_pullback,688141.SH,,98.79,36.9,37.64,34.29,41.88,5,live,,,
2025-02-28,choppy,alpha_rs_pullback,000893.SZ,,97.09,23.78,24.26,22.85,25.56,5,live,,,
2025-02-28,choppy,alpha_rs_pullback,688200.SH,,96.4,94.92,96.82,90.16,104.01,5,live,,,
2025-03-03,choppy,alpha_rs_pullback,688200.SH,,97.65,94.83,96.73,90.22,103.64,5,live,,,
2025-03-03,choppy,alpha_rs_pullback,688235.SH,,95.33,237.0,241.74,226.76,256.56,5,live,,,
2025-03-04,choppy,alpha_rs_pullback,688213.SH,,98.22,108.35,110.52,100.55,123.24,5,live,,,
2025-03-04,choppy,alpha_rs_pullback,688578.SH,,97.8,76.9,78.44,73.7,83.0,5,live,,,
2025-03-05,choppy,alpha_rs_pullback,688052.SH,,98.78,177.0,180.54,165.11,199.7,5,live,,,
2025-03-05,choppy,alpha_rs_pullback,688114.SH,,97.35,96.5,98.43,88.5,111.78,5,live,,,
2025-03-06,bull,alpha_rs_pullback,002031.SZ,,97.92,10.99,11.21,9.95,12.09,5,live,,,
2025-03-06,bull,alpha_rs_pullback,688200.SH,,96.54,105.66,107.77,99.7,117.03,5,live,,,
2025-03-07,bull,alpha_rs_pullback,601728.SH,,98.95,7.82,7.98,7.5,8.42,5,live,,,
2025-03-07,bull,alpha_rs_pullback,601059.SH,,97.35,16.25,16.57,15.2,17.88,5,live,,,
2025-03-10,bull,alpha_rs_pullback,003021.SZ,,99.0,160.16,163.36,146.1,176.18,5,live,,,
2025-03-10,bull,alpha_rs_pullback,688200.SH,,98.46,105.49,107.6,99.38,117.14,5,live,,,
2025-03-11,bull,alpha_rs_pullback,300124.SZ,,98.93,77.05,78.59,73.19,84.42,5,live,,,
2025-03-11,bull,alpha_rs_pullback,600835.SH,,98.8,24.62,25.11,22.6,27.08,5,live,,,
2025-03-12,choppy,alpha_rs_pullback,000157.SZ,,98.86,7.52,7.67,7.23,8.06,5,live,,,
2025-03-12,choppy,alpha_rs_pullback,002080.SZ,,98.81,14.61,14.9,13.91,15.94,5,live,,,
2025-03-13,choppy,alpha_rs_pullback,002517.SZ,,98.85,16.76,17.1,16.03,18.14,5,live,,,
2025-03-13,choppy,alpha_rs_pullback,688065.SH,,98.68,48.01,48.97,46.21,51.45,5,live,,,
2025-03-14,bull,alpha_rs_pullback,688375.SH,,98.42,56.97,58.11,54.08,62.49,5,live,,,
2025-03-14,bull,alpha_rs_pullback,002414.SZ,,98.28,8.6,8.77,8.24,9.28,5,live,,,
2025-03-17,bull,alpha_rs_pullback,002080.SZ,,98.98,14.62,14.91,14.12,15.57,5,live,,,
2025-03-17,bull,alpha_rs_pullback,300779.SZ,,98.85,98.51,100.48,93.42,108.22,5,live,,,
2025-03-18,bull,alpha_rs_pullback,002244.SZ,,98.48,10.66,10.87,10.19,11.56,5,live,,,
2025-03-18,bull,alpha_rs_pullback,300765.SZ,,97.98,38.03,38.79,35.53,42.8,5,live,,,
2025-03-19,bull,alpha_rs_pullback,000893.SZ,,98.93,25.32,25.83,24.28,27.31,5,live,,,
2025-03-19,bull,alpha_rs_pullback,600361.SH,,98.61,4.39,4.48,4.18,4.79,5,live,,,
2025-03-20,bull,alpha_rs_pullback,002683.SZ,,98.62,29.19,29.77,28.03,31.41,5,live,,,
2025-03-20,bull,alpha_rs_pullback,000733.SZ,,98.58,53.93,55.01,51.55,58.47,5,live,,,
2025-03-21,choppy,alpha_rs_pullback,000408.SZ,,98.81,34.88,35.58,33.83,36.89,5,live,,,
2025-03-21,choppy,alpha_rs_pullback,002155.SZ,,97.91,18.03,18.39,16.93,19.83,5,live,,,
2025-03-24,choppy,alpha_rs_pullback,600031.SH,,97.04,19.12,19.5,18.56,20.19,5,live,,,
2025-03-24,choppy,alpha_rs_pullback,000932.SZ,,96.42,4.91,5.01,4.7,5.31,5,live,,,
2025-03-25,choppy,alpha_rs_pullback,601717.SH,,98.79,13.18,13.44,12.73,14.03,5,live,,,
2025-03-25,choppy,alpha_rs_pullback,002056.SZ,,97.03,14.55,14.84,14.12,15.37,5,live,,,
2025-03-26,choppy,alpha_rs_pullback,000893.SZ,,97.64,25.46,25.97,24.47,27.34,5,live,,,
2025-03-26,choppy,alpha_rs_pullback,000932.SZ,,96.87,4.93,5.03,4.72,5.32,5,live,,,
2025-03-27,choppy,alpha_rs_pullback,000733.SZ,,98.85,55.74,56.85,52.72,61.31,5,live,,,
2025-03-27,choppy,alpha_rs_pullback,002056.SZ,,98.64,14.46,14.75,14.01,15.32,5,live,,,
2025-03-28,choppy,alpha_rs_pullback,689009.SH,,98.62,61.66,62.89,58.92,66.89,5,live,,,
2025-03-28,choppy,alpha_rs_pullback,601717.SH,,98.01,13.22,13.48,12.81,14.0,5,live,,,
2025-05-12,choppy,alpha_rs_pullback,688019.SH,,97.73,107.83,109.99,103.73,115.65,5,live,,,
2025-05-12,choppy,alpha_rs_pullback,603766.SH,,96.79,12.03,12.27,11.55,12.95,5,live,,,
2025-05-13,choppy,alpha_rs_pullback,600415.SH,,98.43,15.17,15.47,14.59,16.28,5,live,,,
2025-05-13,choppy,alpha_rs_pullback,300100.SZ,,97.58,55.56,56.67,51.88,62.59,5,live,,,
2025-05-14,choppy,alpha_rs_pullback,603983.SH,,99.0,46.47,47.4,43.55,51.12,5,live,,,
2025-05-14,choppy,alpha_rs_pullback,000893.SZ,,97.13,28.31,28.88,27.38,30.09,5,live,,,
2025-05-15,choppy,alpha_rs_pullback,002847.SZ,,98.92,87.18,88.92,82.63,95.87,5,live,,,
2025-05-15,choppy,alpha_rs_pullback,603337.SH,,98.18,37.43,38.18,35.35,41.17,5,live,,,
2025-05-16,choppy,alpha_rs_pullback,002487.SZ,,98.08,27.92,28.48,27.01,29.66,5,live,,,
2025-05-16,choppy,alpha_rs_pullback,000029.SZ,,96.67,16.96,17.3,16.27,18.27,5,live,,,
2025-05-19,choppy,alpha_rs_pullback,002487.SZ,,97.98,28.13,28.69,27.25,29.8,5,live,,,
2025-05-19,choppy,alpha_rs_pullback,600315.SH,,97.43,24.28,24.77,22.91,26.71,5,live,,,
2025-05-20,choppy,alpha_rs_pullback,688166.SH,,98.42,49.92,50.92,47.2,55.12,5,live,,,
2025-05-20,choppy,alpha_rs_pullback,603379.SH,,97.24,45.67,46.58,44.13,48.62,5,live,,,
2025-05-21,choppy,alpha_rs_pullback,603379.SH,,98.57,46.06,46.98,44.51,49.02,5,live,,,
2025-05-21,choppy,alpha_rs_pullback,300765.SZ,,98.33,46.37,47.3,43.55,51.76,5,live,,,
2025-05-22,choppy,alpha_rs_pullback,603379.SH,,98.59,45.91,46.83,44.37,48.85,5,live,,,
2025-05-22,choppy,alpha_rs_pullback,002487.SZ,,98.58,28.27,28.84,27.39,29.96,5,live,,,
2025-05-23,choppy,alpha_rs_pullback,600578.SH,,98.65,4.12,4.2,3.99,4.36,5,live,,,
2025-05-23,choppy,alpha_rs_pullback,603379.SH,,98.57,46.06,46.98,44.51,49.02,5,live,,,
2025-05-26,bull,alpha_rs_pullback,002948.SZ,,97.84,4.63,4.72,4.48,4.91,5,live,,,
2025-05-26,bull,alpha_rs_pullback,603379.SH,,96.74,45.58,46.49,44.22,48.18,5,live,,,
2025-05-29,choppy,alpha_rs_pullback,601319.SH,,98.26,7.78,7.94,7.51,8.3,5,live,,,
2025-05-29,choppy,alpha_rs_pullback,603379.SH,,97.86,45.78,46.7,44.43,48.35,5,live,,,
2025-06-03,choppy,alpha_rs_pullback,600562.SH,,98.65,25.96,26.48,24.52,28.56,5,live,,,
2025-06-03,choppy,alpha_rs_pullback,600578.SH,,98.03,4.11,4.19,4.01,4.31,5,live,,,
2025-06-04,choppy,alpha_rs_pullback,300255.SZ,,98.87,38.2,38.96,35.64,43.08,5,live,,,
2025-06-04,choppy,alpha_rs_pullback,600578.SH,,98.59,4.12,4.2,4.02,4.32,5,live,,,
2025-06-05,bull,alpha_rs_pullback,600562.SH,,98.98,26.78,27.32,25.25,29.46,5,live,,,
2025-06-05,bull,alpha_rs_pullback,603997.SH,,98.66,13.4,13.67,12.96,14.25,5,live,,,
2025-06-06,choppy,alpha_rs_pullback,002294.SZ,,98.79,46.29,47.22,43.83,50.92,5,live,,,
2025-06-06,choppy,alpha_rs_pullback,600578.SH,,98.1,4.14,4.22,4.04,4.33,5,live,,,
2025-06-09,bull,alpha_rs_pullback,002311.SZ,,98.71,58.56,59.73,56.53,62.44,5,live,,,
2025-06-09,bull,alpha_rs_pullback,002624.SZ,,97.66,13.91,14.19,13.38,14.92,5,live,,,
2025-06-10,choppy,alpha_rs_pullback,002422.SZ,,98.53,37.73,38.48,35.71,41.5,5,live,,,
2025-06-10,choppy,alpha_rs_pullback,603766.SH,,97.84,13.44,13.71,12.92,14.43,5,live,,,
2025-06-11,bull,alpha_rs_pullback,603997.SH,,98.88,13.68,13.95,13.24,14.53,5,live,,,
2025-06-11,bull,alpha_rs_pullback,688192.SH,,98.8,62.6,63.85,59.3,68.9,5,live,,,
2025-06-12,bull,alpha_rs_pullback,603766.SH,,98.62,13.36,13.63,12.84,14.34,5,live,,,
2025-06-12,bull,alpha_rs_pullback,301606.SZ,,97.48,53.21,54.27,50.2,58.95,5,live,,,
2025-06-13,choppy,alpha_rs_pullback,600418.SH,,97.31,42.92,43.78,40.81,46.96,5,live,,,
2025-06-13,choppy,alpha_rs_pullback,688192.SH,,97.12,64.09,65.37,60.44,71.06,5,live,,,
2025-06-16,bull,alpha_rs_pullback,600521.SH,,98.73,20.21,20.61,19.02,22.23,5,live,,,
2025-06-16,bull,alpha_rs_pullback,600499.SH,,98.27,9.75,9.95,9.49,10.25,5,live,,,
2025-06-17,choppy,alpha_rs_pullback,000426.SZ,,97.98,16.05,16.37,15.48,17.13,5,live,,,
2025-06-17,choppy,alpha_rs_pullback,002948.SZ,,97.95,4.9,5.0,4.76,5.17,5,live,,,
2025-06-18,bull,alpha_rs_pullback,603444.SH,,98.81,274.86,280.36,262.68,298.11,5,live,,,
2025-06-18,bull,alpha_rs_pullback,600486.SH,,98.48,58.43,59.6,56.2,62.69,5,live,,,
2025-06-19,choppy,alpha_rs_pullback,600486.SH,,98.97,58.32,59.49,56.21,62.35,5,live,,,
2025-06-19,choppy,alpha_rs_pullback,000657.SZ,,97.82,11.75,11.98,11.29,12.63,5,live,,,
2025-06-20,choppy,alpha_rs_pullback,600486.SH,,98.92,58.33,59.5,56.25,62.29,5,live,,,
2025-06-20,choppy,alpha_rs_pullback,601825.SH,,98.74,9.34,9.53,9.01,9.98,5,live,,,
2025-06-23,choppy,alpha_rs_pullback,601825.SH,,98.71,9.36,9.55,9.06,9.94,5,live,,,
2025-06-23,choppy,alpha_rs_pullback,600415.SH,,97.1,18.5,18.87,17.7,20.03,5,live,,,
2025-06-24,bull,alpha_rs_pullback,601825.SH,,97.61,9.4,9.59,9.13,9.91,5,live,,,
2025-06-24,bull,alpha_rs_pullback,300548.SZ,,97.6,63.41,64.68,59.3,71.25,5,live,,,
2025-06-25,bull,alpha_rs_pullback,605499.SH,,98.1,244.45,249.34,236.14,260.32,5,live,,,
2025-06-25,bull,alpha_rs_pullback,002558.SZ,,97.82,21.18,21.6,19.91,23.3,5,live,,,
2025-06-26,bull,alpha_rs_pullback,600760.SH,,96.45,53.32,54.39,51.36,57.06,5,live,,,
2025-06-26,bull,alpha_rs_pullback,300548.SZ,,95.42,62.87,64.13,59.21,69.85,5,live,,,
2025-06-27,bull,alpha_rs_pullback,300779.SZ,,98.27,129.11,131.69,123.69,139.45,5,live,,,
2025-06-27,bull,alpha_rs_pullback,002558.SZ,,97.82,21.18,21.6,19.84,23.3,5,live,,,
2025-06-30,bull,alpha_rs_pullback,601336.SH,,97.92,54.33,55.42,52.52,57.78,5,live,,,
2025-06-30,bull,alpha_rs_pullback,600016.SH,,96.84,4.48,4.57,4.36,4.71,5,live,,,
2025-07-01,bull,alpha_rs_pullback,300450.SZ,,98.6,24.39,24.88,23.33,26.41,5,live,,,
2025-07-01,bull,alpha_rs_pullback,002558.SZ,,98.41,22.81,23.27,21.35,25.09,5,live,,,
2025-07-02,bull,alpha_rs_pullback,688520.SH,,99.0,61.12,62.34,57.07,68.86,5,live,,,
2025-07-02,bull,alpha_rs_pullback,002558.SZ,,98.02,22.95,23.41,21.56,25.25,5,live,,,
2025-07-03,bull,alpha_rs_pullback,002558.SZ,,98.41,22.81,23.27,21.44,25.09,5,live,,,
2025-07-03,bull,alpha_rs_pullback,688019.SH,,97.27,117.99,120.35,113.54,126.49,5,live,,,
2025-07-04,bull,alpha_rs_pullback,300308.SZ,,97.66,139.14,141.92,131.85,153.07,5,live,,,
2025-07-04,bull,alpha_rs_pullback,600331.SH,,97.55,8.72,8.89,8.4,9.33,5,live,,,
2025-07-07,bull,alpha_rs_pullback,300502.SZ,,98.67,90.23,92.03,85.63,99.02,5,live,,,
2025-07-07,bull,alpha_rs_pullback,000408.SZ,,98.06,40.82,41.64,39.66,43.03,5,live,,,
2025-07-08,bull,alpha_rs_pullback,002366.SZ,,97.46,9.52,9.71,8.8,10.47,5,live,,,
2025-07-08,bull,alpha_rs_pullback,688019.SH,,97.28,118.16,120.52,113.54,126.98,5,live,,,
2025-07-09,bull,alpha_rs_pullback,002389.SZ,,98.15,24.91,25.41,23.86,26.92,5,live,,,
2025-07-09,bull,alpha_rs_pullback,600601.SH,,97.15,5.69,5.8,5.41,6.22,5,live,,,
2025-07-10,bull,alpha_rs_pullback,002463.SZ,,98.44,47.03,47.97,44.69,51.5,5,live,,,
2025-07-10,bull,alpha_rs_pullback,603444.SH,,98.09,310.48,316.69,296.13,337.88,5,live,,,
2025-07-11,bull,alpha_rs_pullback,002463.SZ,,98.39,47.04,47.98,44.68,51.55,5,live,,,
2025-07-11,bull,alpha_rs_pullback,002555.SZ,,97.58,17.64,17.99,16.89,19.08,5,live,,,
2025-07-14,bull,alpha_rs_pullback,601138.SH,,98.83,24.99,25.49,24.05,26.78,5,live,,,
2025-07-14,bull,alpha_rs_pullback,600183.SH,,98.61,32.49,33.14,31.11,35.13,5,live,,,
2025-07-15,bull,alpha_rs_pullback,600777.SH,,98.45,4.01,4.09,3.93,4.16,5,live,,,
2025-07-15,bull,alpha_rs_pullback,600016.SH,,98.03,5.09,5.19,4.92,5.4,5,live,,,
2025-07-16,bull,alpha_rs_pullback,300274.SZ,,98.77,73.67,75.14,70.71,79.32,5,live,,,
2025-07-16,bull,alpha_rs_pullback,301345.SZ,,98.25,145.46,148.37,136.13,163.27,5,live,,,
2025-07-17,bull,alpha_rs_pullback,603129.SH,,98.89,227.4,231.95,216.76,247.71,5,live,,,
2025-07-17,bull,alpha_rs_pullback,600331.SH,,98.74,8.68,8.85,8.41,9.19,5,live,,,
2025-07-18,bull,alpha_rs_pullback,600415.SH,,98.49,20.12,20.52,19.35,21.59,5,live,,,
2025-07-18,bull,alpha_rs_pullback,000426.SZ,,98.39,17.94,18.3,17.33,19.11,5,live,,,
2025-07-21,bull,alpha_rs_pullback,688428.SH,,98.59,29.91,30.51,28.28,33.02,5,live,,,
2025-07-21,bull,alpha_rs_pullback,688313.SH,,98.54,52.85,53.91,48.85,60.49,5,live,,,
2025-07-22,bull,alpha_rs_pullback,601138.SH,,98.76,26.0,26.52,24.86,28.19,5,live,,,
2025-07-22,bull,alpha_rs_pullback,002938.SZ,,98.68,46.46,47.39,43.72,51.11,5,live,,,
2025-07-23,bull,alpha_rs_pullback,600208.SH,,98.97,3.6,3.67,3.39,3.96,5,live,,,
2025-07-23,bull,alpha_rs_pullback,600183.SH,,98.84,37.67,38.42,35.77,41.29,5,live,,,
2025-07-24,bull,alpha_rs_pullback,603486.SH,,98.69,67.37,68.72,64.79,72.29,5,live,,,
2025-07-24,bull,alpha_rs_pullback,688708.SH,,98.32,66.53,67.86,63.25,72.8,5,live,,,
2025-07-25,bull,alpha_rs_pullback,000825.SZ,,98.82,4.31,4.4,4.16,4.59,5,live,,,
2025-07-25,bull,alpha_rs_pullback,600416.SH,,98.18,14.07,14.35,13.65,14.87,5,live,,,
2025-07-28,bull,alpha_rs_pullback,000959.SZ,,98.4,4.25,4.33,4.09,4.55,5,live,,,
2025-07-28,bull,alpha_rs_pullback,603444.SH,,98.24,314.33,320.62,302.88,336.19,5,live,,,
2025-07-29,bull,alpha_rs_pullback,002444.SZ,,98.92,31.83,32.47,30.61,34.15,5,live,,,
2025-07-29,bull,alpha_rs_pullback,002736.SZ,,97.31,13.15,13.41,12.69,14.02,5,live,,,
2025-07-30,bull,alpha_rs_pullback,002755.SZ,,98.5,26.85,27.39,25.06,29.54,5,live,,,
2025-07-30,bull,alpha_rs_pullback,301345.SZ,,98.15,158.73,161.9,149.22,176.89,5,live,,,
2025-07-31,bull,alpha_rs_pullback,600415.SH,,98.99,20.36,20.77,19.52,21.95,5,live,,,
2025-07-31,bull,alpha_rs_pullback,600760.SH,,98.55,64.17,65.45,61.61,69.05,5,live,,,
2025-08-01,choppy,alpha_rs_pullback,002353.SZ,,98.64,38.39,39.16,37.23,40.6,5,live,,,
2025-08-01,choppy,alpha_rs_pullback,300476.SZ,,98.53,190.12,193.92,178.33,212.63,5,live,,,
2025-08-04,bull,alpha_rs_pullback,600295.SH,,98.93,9.7,9.89,9.35,10.36,5,live,,,
2025-08-04,bull,alpha_rs_pullback,600331.SH,,98.25,9.57,9.76,9.2,10.28,5,live,,,
2025-08-05,bull,alpha_rs_pullback,300601.SZ,,98.4,17.9,18.26,17.17,19.29,5,live,,,
2025-08-05,bull,alpha_rs_pullback,300454.SZ,,98.35,108.84,111.02,103.76,118.54,5,live,,,
2025-08-06,bull,alpha_rs_pullback,600884.SH,,98.95,10.35,10.56,9.96,11.1,5,live,,,
2025-08-06,bull,alpha_rs_pullback,601138.SH,,98.93,33.72,34.39,32.05,36.91,5,live,,,
2025-08-07,bull,alpha_rs_pullback,600316.SH,,98.57,45.22,46.12,42.77,49.74,5,live,,,
2025-08-07,bull,alpha_rs_pullback,688169.SH,,98.14,176.37,179.9,169.9,188.73,5,live,,,
2025-08-08,bull,alpha_rs_pullback,688169.SH,,98.5,176.13,179.65,169.8,188.22,5,live,,,
2025-08-08,bull,alpha_rs_pullback,300476.SZ,,98.29,191.13,194.95,179.95,212.46,5,live,,,
2025-08-11,bull,alpha_rs_pullback,600111.SH,,98.71,38.54,39.31,36.43,42.39,5,live,,,
2025-08-11,bull,alpha_rs_pullback,301345.SZ,,98.66,162.94,166.2,150.84,186.04,5,live,,,
2025-08-12,bull,alpha_rs_pullback,002653.SZ,,98.91,56.66,57.79,53.18,62.33,5,live,,,
2025-08-12,bull,alpha_rs_pullback,002736.SZ,,98.8,13.17,13.43,12.73,14.01,5,live,,,
2025-08-13,bull,alpha_rs_pullback,002738.SZ,,98.92,41.03,41.85,39.24,44.44,5,live,,,
2025-08-13,bull,alpha_rs_pullback,002602.SZ,,97.95,14.0,14.28,13.41,15.12,5,live,,,
2025-08-14,bull,alpha_rs_pullback,301345.SZ,,98.95,166.89,170.23,155.69,188.26,5,live,,,
2025-08-14,bull,alpha_rs_pullback,300347.SZ,,98.07,68.72,70.09,65.01,75.81,5,live,,,
2025-08-15,bull,alpha_rs_pullback,603259.SH,,98.77,95.95,97.87,91.66,104.14,5,live,,,
2025-08-15,bull,alpha_rs_pullback,601231.SH,,97.45,16.65,16.98,16.05,17.8,5,live,,,
2025-08-18,bull,alpha_rs_pullback,002463.SZ,,97.48,55.7,56.81,52.62,61.27,5,live,,,
2025-08-18,bull,alpha_rs_pullback,300229.SZ,,97.48,26.26,26.79,24.39,29.83,5,live,,,
2025-08-19,bull,alpha_rs_pullback,002468.SZ,,98.98,17.16,17.5,16.17,18.88,5,live,,,
2025-08-19,bull,alpha_rs_pullback,688502.SH,,98.97,376.97,384.51,354.19,420.45,5,live,,,
2025-08-20,bull,alpha_rs_pullback,001389.SZ,,98.51,69.59,70.98,66.53,75.43,5,live,,,
2025-08-20,bull,alpha_rs_pullback,002779.SZ,,98.13,107.33,109.48,100.93,118.06,5,live,,,
2025-08-21,bull,alpha_rs_pullback,688192.SH,,98.71,82.21,83.85,78.19,89.88,5,live,,,
2025-08-21,bull,alpha_rs_pullback,301606.SZ,,98.69,67.4,68.75,63.37,75.08,5,live,,,
2025-08-22,bull,alpha_rs_pullback,688180.SH,,98.56,45.86,46.78,42.9,51.51,5,live,,,
2025-08-22,bull,alpha_rs_pullback,300002.SZ,,98.53,14.38,14.67,13.78,15.53,5,live,,,
2025-08-25,bull,alpha_rs_pullback,301606.SZ,,98.77,67.54,68.89,63.36,75.53,5,live,,,
2025-08-25,bull,alpha_rs_pullback,688778.SH,,97.37,55.82,56.94,53.08,61.05,5,live,,,
2025-08-26,bull,alpha_rs_pullback,002335.SZ,,98.9,35.53,36.24,33.52,39.08,5,live,,,
2025-08-26,bull,alpha_rs_pullback,600331.SH,,98.57,11.02,11.24,10.51,12.0,5,live,,,
2025-08-27,bull,alpha_rs_pullback,000630.SZ,,98.98,4.25,4.33,4.08,4.57,5,live,,,
2025-08-27,bull,alpha_rs_pullback,002008.SZ,,98.18,36.47,37.2,34.3,40.12,5,live,,,
2025-08-28,bull,alpha_rs_pullback,600416.SH,,98.34,16.66,16.99,15.76,18.33,5,live,,,
2025-08-28,bull,alpha_rs_pullback,603444.SH,,97.53,441.12,449.94,419.59,482.22,5,live,,,
2025-08-29,bull,alpha_rs_pullback,601162.SH,,98.8,5.84,5.96,5.54,6.4,5,live,,,
2025-08-29,bull,alpha_rs_pullback,600619.SH,,98.52,24.05,24.53,22.06,26.46,5,live,,,
2025-09-01,bull,alpha_rs_pullback,600331.SH,,98.73,11.0,11.22,10.52,11.92,5,live,,,
2025-09-01,bull,alpha_rs_pullback,002353.SZ,,98.44,46.84,47.78,45.23,49.91,5,live,,,
2025-09-02,bull,alpha_rs_pullback,601777.SH,,97.39,11.77,12.01,11.19,12.88,5,live,,,
2025-09-02,bull,alpha_rs_pullback,002353.SZ,,97.29,46.75,47.69,45.17,49.77,5,live,,,
2025-09-03,bull,alpha_rs_pullback,002353.SZ,,98.91,46.84,47.78,45.22,49.93,5,live,,,
2025-09-03,bull,alpha_rs_pullback,300285.SZ,,98.75,22.55,23.0,21.36,24.82,5,live,,,
2025-09-04,bull,alpha_rs_pullback,301035.SZ,,97.91,57.4,58.55,54.66,62.63,5,live,,,
2025-09-04,bull,alpha_rs_pullback,601233.SH,,96.31,14.27,14.56,13.65,15.46,5,live,,,
2025-09-05,bull,alpha_rs_pullback,301035.SZ,,96.43,57.87,59.03,55.15,63.06,5,live,,,
2025-09-05,bull,alpha_rs_pullback,601233.SH,,96.15,14.58,14.87,13.95,15.78,5,live,,,
2025-09-08,bull,alpha_rs_pullback,002429.SZ,,98.49,5.69,5.8,5.34,6.26,5,live,,,
2025-09-08,bull,alpha_rs_pullback,000426.SZ,,97.33,23.27,23.74,21.99,25.6,5,live,,,
2025-09-09,bull,alpha_rs_pullback,601233.SH,,98.9,14.73,15.02,14.05,16.02,5,live,,,
2025-09-09,bull,alpha_rs_pullback,000426.SZ,,97.49,23.78,24.26,22.41,26.16,5,live,,,
2025-09-10,bull,alpha_rs_pullback,300285.SZ,,98.53,23.66,24.13,22.28,26.29,5,live,,,
2025-09-10,bull,alpha_rs_pullback,603920.SH,,98.45,40.2,41.0,37.48,44.22,5,live,,,
2025-09-11,bull,alpha_rs_pullback,603799.SH,,98.89,51.21,52.23,48.58,56.23,5,live,,,
2025-09-11,bull,alpha_rs_pullback,601233.SH,,98.73,14.72,15.01,14.05,15.99,5,live,,,
2025-09-12,bull,alpha_rs_pullback,000661.SZ,,98.88,125.45,127.96,119.5,136.8,5,live,,,
2025-09-12,bull,alpha_rs_pullback,002916.SZ,,98.57,194.19,198.07,179.14,213.61,5,live,,,
2025-09-15,bull,alpha_rs_pullback,002131.SZ,,98.62,5.96,6.08,5.49,6.56,5,live,,,
2025-09-15,bull,alpha_rs_pullback,002518.SZ,,98.35,36.43,37.16,33.86,40.07,5,live,,,
2025-09-16,bull,alpha_rs_pullback,002155.SZ,,98.73,22.6,23.05,21.32,24.86,5,live,,,
2025-09-16,bull,alpha_rs_pullback,688295.SH,,98.73,26.96,27.5,25.36,30.02,5,live,,,
2025-09-17,bull,alpha_rs_pullback,002463.SZ,,98.88,70.57,71.98,65.45,77.63,5,live,,,
2025-09-17,bull,alpha_rs_pullback,603613.SH,,98.88,31.94,32.58,30.29,35.09,5,live,,,
2025-09-18,bull,alpha_rs_pullback,600026.SH,,97.85,12.16,12.4,11.66,13.11,5,live,,,
2025-09-18,bull,alpha_rs_pullback,600801.SH,,97.5,17.46,17.81,16.79,18.74,5,live,,,
2025-09-19,bull,alpha_rs_pullback,002916.SZ,,98.84,194.39,198.28,180.52,213.83,5,live,,,
2025-09-19,bull,alpha_rs_pullback,600801.SH,,98.45,17.6,17.95,16.92,18.9,5,live,,,
2025-09-22,bull,alpha_rs_pullback,603308.SH,,98.47,31.45,32.08,29.63,34.59,5,live,,,
2025-09-22,bull,alpha_rs_pullback,603659.SH,,98.44,26.99,27.53,25.42,29.69,5,live,,,
2025-09-23,bull,alpha_rs_pullback,688295.SH,,97.65,27.13,27.67,25.78,29.71,5,live,,,
2025-09-23,bull,alpha_rs_pullback,600176.SH,,97.51,15.82,16.14,15.16,17.09,5,live,,,
2025-09-24,bull,alpha_rs_pullback,300413.SZ,,98.97,31.91,32.55,30.0,35.56,5,live,,,
2025-09-24,bull,alpha_rs_pullback,300857.SZ,,98.27,122.72,125.17,113.31,140.68,5,live,,,
2025-09-25,bull,alpha_rs_pullback,688521.SH,,98.97,202.48,206.53,184.26,237.27,5,live,,,
2025-09-25,bull,alpha_rs_pullback,300757.SZ,,98.93,292.8,298.66,270.23,335.88,5,live,,,
2025-09-26,bull,alpha_rs_pullback,603486.SH,,98.5,104.57,106.66,99.57,114.12,5,live,,,
2025-09-26,bull,alpha_rs_pullback,002244.SZ,,98.31,11.96,12.2,11.31,13.16,5,live,,,
2025-09-29,bull,alpha_rs_pullback,002156.SZ,,98.95,38.14,38.9,36.34,41.57,5,live,,,
2025-09-29,bull,alpha_rs_pullback,002245.SZ,,98.34,14.26,14.55,13.44,15.69,5,live,,,
2025-09-30,bull,alpha_rs_pullback,601872.SH,,98.96,8.67,8.84,8.22,9.54,5,live,,,
2025-09-30,bull,alpha_rs_pullback,603119.SH,,98.86,86.37,88.1,80.46,95.01,5,live,,,
2025-10-09,bull,alpha_rs_pullback,300014.SZ,,98.76,89.97,91.77,84.0,101.37,5,live,,,
2025-10-09,bull,alpha_rs_pullback,688146.SH,,97.01,44.32,45.21,42.11,48.55,5,live,,,
2025-10-10,bull,alpha_rs_pullback,002716.SZ,,98.47,7.1,7.24,6.72,7.81,5,live,,,
2025-10-10,bull,alpha_rs_pullback,601020.SH,,98.4,27.75,28.3,26.33,30.45,5,live,,,
2025-10-13,bull,alpha_rs_pullback,600176.SH,,97.58,16.44,16.77,15.78,17.7,5,live,,,
2025-10-13,bull,alpha_rs_pullback,002683.SZ,,97.54,43.43,44.3,41.21,47.68,5,live,,,
2025-10-14,choppy,alpha_rs_pullback,000893.SZ,,97.13,41.2,42.02,39.63,44.19,5,live,,,
2025-10-14,choppy,alpha_rs_pullback,600801.SH,,96.9,19.47,19.86,18.5,21.32,5,live,,,
2025-10-15,bull,alpha_rs_pullback,002407.SZ,,98.33,20.47,20.88,19.18,22.52,5,live,,,
2025-10-15,bull,alpha_rs_pullback,605090.SH,,97.47,34.58,35.27,33.05,37.51,5,live,,,
2025-10-16,bull,alpha_rs_pullback,002532.SZ,,98.68,11.36,11.59,10.86,12.32,5,live,,,
2025-10-16,bull,alpha_rs_pullback,600089.SH,,97.25,19.74,20.13,18.76,21.62,5,live,,,
2025-10-17,choppy,alpha_rs_pullback,600388.SH,,98.21,14.8,15.1,14.26,15.83,5,live,,,
2025-10-17,choppy,alpha_rs_pullback,600629.SH,,96.85,31.7,32.33,29.48,34.87,5,live,,,
2025-10-20,choppy,alpha_rs_pullback,688187.SH,,97.7,54.76,55.86,52.21,59.63,5,live,,,
2025-10-20,choppy,alpha_rs_pullback,000933.SZ,,96.65,22.2,22.64,21.23,24.06,5,live,,,
2025-10-21,bull,alpha_rs_pullback,688248.SH,,97.1,58.54,59.71,54.61,66.05,5,live,,,
2025-10-21,bull,alpha_rs_pullback,688187.SH,,95.38,55.81,56.93,53.25,60.7,5,live,,,
2025-10-22,bull,alpha_rs_pullback,002050.SZ,,98.67,47.67,48.62,44.16,52.44,5,live,,,
2025-10-22,bull,alpha_rs_pullback,601699.SH,,98.63,15.56,15.87,14.87,16.87,5,live,,,
2025-10-23,bull,alpha_rs_pullback,002050.SZ,,97.97,47.54,48.49,44.08,52.29,5,live,,,
2025-10-23,bull,alpha_rs_pullback,002028.SZ,,97.91,117.89,120.25,111.29,129.68,5,live,,,
2025-10-24,bull,alpha_rs_pullback,603699.SH,,98.68,43.57,44.44,41.83,46.9,5,live,,,
2025-10-24,bull,alpha_rs_pullback,000893.SZ,,97.8,40.95,41.77,39.29,44.11,5,live,,,
2025-10-27,bull,alpha_rs_pullback,688772.SH,,96.67,26.52,27.05,24.69,30.0,5,live,,,
2025-10-27,bull,alpha_rs_pullback,688256.SH,,96.38,1026.48,1047.01,965.28,1143.31,5,live,,,
2025-10-28,bull,alpha_rs_pullback,002738.SZ,,98.67,52.2,53.24,49.13,57.42,5,live,,,
2025-10-28,bull,alpha_rs_pullback,688525.SH,,98.67,124.39,126.88,113.77,144.66,5,live,,,
2025-10-29,bull,alpha_rs_pullback,600801.SH,,98.31,21.2,21.62,20.08,23.32,5,live,,,
2025-10-29,bull,alpha_rs_pullback,002916.SZ,,97.24,226.43,230.96,211.82,249.07,5,live,,,
2025-10-30,bull,alpha_rs_pullback,002518.SZ,,98.44,43.04,43.9,40.39,47.34,5,live,,,
2025-10-30,bull,alpha_rs_pullback,601899.SH,,98.39,30.65,31.26,29.14,33.53,5,live,,,
2025-10-31,bull,alpha_rs_pullback,601288.SH,,98.92,7.69,7.84,7.42,8.2,5,live,,,
2025-10-31,bull,alpha_rs_pullback,601061.SH,,98.68,11.98,12.22,11.36,13.16,5,live,,,
2025-11-03,bull,alpha_rs_pullback,000792.SZ,,97.9,24.61,25.1,23.69,26.37,5,live,,,
2025-11-03,bull,alpha_rs_pullback,601288.SH,,97.58,7.73,7.88,7.47,8.22,5,live,,,
2025-11-04,choppy,alpha_rs_pullback,002518.SZ,,98.94,43.96,44.84,41.45,48.36,5,live,,,
2025-11-04,choppy,alpha_rs_pullback,600219.SH,,97.46,4.26,4.35,4.1,4.57,5,live,,,
2025-11-05,choppy,alpha_rs_pullback,600066.SH,,97.96,30.29,30.9,29.02,32.71,5,live,,,
2025-11-05,choppy,alpha_rs_pullback,600219.SH,,97.84,4.26,4.35,4.09,4.58,5,live,,,
2025-11-06,bull,alpha_rs_pullback,300136.SZ,,97.57,35.88,36.6,33.64,40.17,5,live,,,
2025-11-06,bull,alpha_rs_pullback,300390.SZ,,96.9,34.46,35.15,32.31,38.56,5,live,,,
2025-11-07,bull,alpha_rs_pullback,603360.SH,,98.94,32.0,32.64,30.24,35.2,5,live,,,
2025-11-07,bull,alpha_rs_pullback,603268.SH,,98.58,62.45,63.7,59.52,68.04,5,live,,,
2025-11-10,bull,alpha_rs_pullback,001301.SZ,,98.56,71.13,72.55,66.17,78.24,5,live,,,
2025-11-10,bull,alpha_rs_pullback,688498.SH,,98.36,415.38,423.69,381.44,480.17,5,live,,,
2025-11-11,bull,alpha_rs_pullback,002532.SZ,,98.83,13.39,13.66,12.6,14.73,5,live,,,
2025-11-11,bull,alpha_rs_pullback,001301.SZ,,98.12,71.01,72.43,66.06,78.11,5,live,,,
2025-11-12,bull,alpha_rs_pullback,000933.SZ,,98.36,26.28,26.81,24.78,28.91,5,live,,,
2025-11-12,bull,alpha_rs_pullback,688433.SH,,97.86,58.54,59.71,55.23,64.86,5,live,,,
2025-11-13,bull,alpha_rs_pullback,688433.SH,,98.47,58.92,60.1,55.64,65.18,5,live,,,
2025-11-13,bull,alpha_rs_pullback,000559.SZ,,97.47,14.25,14.54,13.21,15.68,5,live,,,
2025-11-14,choppy,alpha_rs_pullback,002532.SZ,,98.77,13.73,14.0,12.96,15.1,5,live,,,
2025-11-14,choppy,alpha_rs_pullback,600989.SH,,98.74,19.11,19.49,18.42,20.43,5,live,,,
2025-11-17,choppy,alpha_rs_pullback,688819.SH,,98.72,34.15,34.83,32.78,36.77,5,live,,,
2025-11-17,choppy,alpha_rs_pullback,002895.SZ,,98.57,37.24,37.98,34.85,40.96,5,live,,,
2025-11-19,choppy,alpha_rs_pullback,688433.SH,,98.46,61.22,62.44,57.93,67.5,5,live,,,
2025-11-19,choppy,alpha_rs_pullback,000766.SZ,,98.19,28.75,29.32,27.25,31.61,5,live,,,
2025-12-08,choppy,alpha_rs_pullback,002545.SZ,,98.17,17.83,18.19,16.91,19.59,5,live,,,
2025-12-08,choppy,alpha_rs_pullback,002028.SZ,,96.81,154.38,157.47,147.69,167.15,5,live,,,
2025-12-22,choppy,alpha_rs_pullback,600301.SH,,98.33,40.1,40.9,37.76,44.11,5,live,,,
2025-12-22,choppy,alpha_rs_pullback,000893.SZ,,97.48,46.86,47.8,44.76,50.87,5,live,,,
2025-12-23,choppy,alpha_rs_pullback,000933.SZ,,97.48,26.06,26.58,25.05,28.0,5,live,,,
2025-12-23,choppy,alpha_rs_pullback,000547.SZ,,97.21,22.8,23.26,20.74,25.08,5,live,,,
2025-12-24,choppy,alpha_rs_pullback,000960.SZ,,98.75,27.22,27.76,26.03,29.49,5,live,,,
2025-12-24,choppy,alpha_rs_pullback,000933.SZ,,98.56,26.17,26.69,25.17,28.08,5,live,,,
2025-12-25,choppy,alpha_rs_pullback,002595.SZ,,98.98,57.42,58.57,55.17,61.72,5,live,,,
2025-12-25,choppy,alpha_rs_pullback,300502.SZ,,98.84,319.58,325.97,298.5,359.82,5,live,,,
2025-12-26,choppy,alpha_rs_pullback,300604.SZ,,98.25,104.98,107.08,99.58,115.29,5,live,,,
2025-12-26,choppy,alpha_rs_pullback,003031.SZ,,98.23,76.62,78.15,71.73,84.28,5,live,,,
2025-12-29,choppy,alpha_rs_pullback,301626.SZ,,98.3,192.16,196.0,183.91,207.9,5,live,,,
2025-12-29,choppy,alpha_rs_pullback,002595.SZ,,98.22,57.24,58.38,55.07,61.37,5,live,,,
2025-12-30,choppy,alpha_rs_pullback,000408.SZ,,98.5,82.46,84.11,78.67,89.69,5,live,,,
2025-12-30,choppy,alpha_rs_pullback,002430.SZ,,98.47,29.64,30.23,28.46,31.89,5,live,,,
2025-12-31,choppy,alpha_rs_pullback,301345.SZ,,98.83,249.9,254.9,237.68,273.23,5,live,,,
2025-12-31,choppy,alpha_rs_pullback,002379.SZ,,98.41,23.7,24.17,22.63,25.75,5,live,,,
2026-01-05,choppy,alpha_rs_pullback,600549.SH,,98.1,41.74,42.57,39.65,45.74,5,live,,,
2026-01-05,choppy,alpha_rs_pullback,002851.SZ,,97.73,91.01,92.83,86.76,99.11,5,live,,,
2026-01-06,bull,alpha_rs_pullback,002756.SZ,,97.48,55.31,56.42,52.28,60.84,5,live,,,
2026-01-06,bull,alpha_rs_pullback,600183.SH,,97.34,71.65,73.08,67.38,78.82,5,live,,,
2026-01-07,bull,alpha_rs_pullback,301377.SZ,,98.97,146.33,149.26,134.52,168.87,5,live,,,
2026-01-07,bull,alpha_rs_pullback,002353.SZ,,98.07,73.7,75.17,70.11,80.55,5,live,,,
2026-01-08,bull,alpha_rs_pullback,688147.SH,,98.72,73.52,74.99,68.81,82.5,5,live,,,
2026-01-08,bull,alpha_rs_pullback,000657.SZ,,98.3,30.94,31.56,29.2,34.03,5,live,,,
2026-01-09,bull,alpha_rs_pullback,000792.SZ,,97.47,31.28,31.91,30.29,33.18,5,live,,,
2026-01-09,bull,alpha_rs_pullback,600711.SH,,97.45,16.63,16.96,15.68,18.29,5,live,,,
2026-01-12,bull,alpha_rs_pullback,600426.SH,,98.91,24.63,25.12,23.62,26.56,5,live,,,
2026-01-12,bull,alpha_rs_pullback,600115.SH,,98.48,6.0,6.12,5.75,6.47,5,live,,,
2026-01-13,bull,alpha_rs_pullback,002532.SZ,,98.61,17.78,18.14,16.84,19.56,5,live,,,
2026-01-13,bull,alpha_rs_pullback,300672.SZ,,97.2,122.1,124.54,113.3,138.9,5,live,,,
2026-01-14,bull,alpha_rs_pullback,688012.SH,,97.49,236.31,241.04,223.58,260.62,5,live,,,
2026-01-14,bull,alpha_rs_pullback,002379.SZ,,97.48,28.82,29.4,27.29,31.7,5,live,,,
2026-01-15,bull,alpha_rs_pullback,000703.SZ,,98.56,10.63,10.84,10.02,11.69,5,live,,,
2026-01-15,bull,alpha_rs_pullback,600346.SH,,98.15,23.36,23.83,22.15,25.67,5,live,,,
2026-01-16,bull,alpha_rs_pullback,002683.SZ,,98.93,51.46,52.49,48.49,56.61,5,live,,,
2026-01-16,bull,alpha_rs_pullback,601233.SH,,98.56,18.31,18.68,17.43,19.99,5,live,,,
2026-01-19,bull,alpha_rs_pullback,000426.SZ,,98.94,50.15,51.15,47.19,55.17,5,live,,,
2026-01-19,bull,alpha_rs_pullback,301377.SZ,,98.93,157.0,160.14,144.88,180.13,5,live,,,
2026-01-20,bull,alpha_rs_pullback,605358.SH,,98.75,42.96,43.82,40.57,47.26,5,live,,,
2026-01-20,bull,alpha_rs_pullback,002683.SZ,,98.13,52.05,53.09,48.94,57.26,5,live,,,
2026-01-21,bull,alpha_rs_pullback,002050.SZ,,98.63,57.56,58.71,54.17,63.32,5,live,,,
2026-01-21,bull,alpha_rs_pullback,300604.SZ,,98.56,138.53,141.3,128.58,157.52,5,live,,,
2026-01-22,bull,alpha_rs_pullback,688281.SH,,98.92,74.8,76.3,69.32,85.27,5,live,,,
2026-01-22,bull,alpha_rs_pullback,688347.SH,,98.64,140.58,143.39,131.28,158.34,5,live,,,
2026-01-23,choppy,alpha_rs_pullback,600348.SH,,98.98,8.93,9.11,8.62,9.52,5,live,,,
2026-01-23,choppy,alpha_rs_pullback,600711.SH,,98.74,17.23,17.57,16.2,18.95,5,live,,,
2026-01-26,choppy,alpha_rs_pullback,300757.SZ,,98.46,335.4,342.11,310.31,383.3,5,live,,,
2026-01-26,choppy,alpha_rs_pullback,002414.SZ,,98.39,17.74,18.09,16.82,19.49,5,live,,,
2026-01-27,choppy,alpha_rs_pullback,000703.SZ,,98.82,11.64,11.87,11.03,12.8,5,live,,,
2026-01-27,choppy,alpha_rs_pullback,002518.SZ,,98.67,56.97,58.11,53.25,62.67,5,live,,,
2026-01-28,choppy,alpha_rs_pullback,688188.SH,,98.98,111.59,113.82,106.99,120.38,5,live,,,
2026-01-28,choppy,alpha_rs_pullback,601126.SH,,98.87,38.43,39.2,35.78,42.27,5,live,,,
2026-01-29,bull,alpha_rs_pullback,601233.SH,,98.99,20.99,21.41,19.91,23.06,5,live,,,
2026-01-29,bull,alpha_rs_pullback,000875.SZ,,98.96,6.77,6.91,6.41,7.45,5,live,,,
2026-01-30,choppy,alpha_rs_pullback,002409.SZ,,98.7,96.01,97.93,90.82,105.61,5,live,,,
2026-01-30,choppy,alpha_rs_pullback,000415.SZ,,98.49,4.45,4.54,4.26,4.8,5,live,,,
2026-02-03,choppy,alpha_rs_pullback,001389.SZ,,97.47,107.42,109.57,100.61,118.16,5,live,,,
2026-02-03,choppy,alpha_rs_pullback,000415.SZ,,96.67,4.41,4.5,4.23,4.76,5,live,,,
2026-02-04,choppy,alpha_rs_pullback,000301.SZ,,98.84,12.7,12.95,12.06,13.92,5,live,,,
2026-02-04,choppy,alpha_rs_pullback,603379.SH,,98.72,66.74,68.07,63.55,72.82,5,live,,,
2026-02-05,choppy,alpha_rs_pullback,600482.SH,,98.68,27.26,27.81,25.91,29.84,5,live,,,
2026-02-05,choppy,alpha_rs_pullback,603379.SH,,97.87,66.52,67.85,63.32,72.62,5,live,,,
2026-02-09,bull,alpha_rs_pullback,603737.SH,,98.86,46.4,47.33,43.6,51.04,5,live,,,
2026-02-09,bull,alpha_rs_pullback,600331.SH,,98.73,17.17,17.51,16.01,18.89,5,live,,,
2026-02-10,bull,alpha_rs_pullback,601799.SH,,98.84,145.06,147.96,137.19,159.57,5,live,,,
2026-02-10,bull,alpha_rs_pullback,600309.SH,,98.81,84.61,86.3,80.4,92.64,5,live,,,
2026-02-11,bull,alpha_rs_pullback,300666.SZ,,98.97,130.43,133.04,122.52,145.54,5,live,,,
2026-02-11,bull,alpha_rs_pullback,688027.SH,,98.91,700.0,714.0,655.59,784.78,5,live,,,
2026-02-12,bull,alpha_rs_pullback,000703.SZ,,98.44,13.15,13.41,12.35,14.47,5,live,,,
2026-02-12,bull,alpha_rs_pullback,688200.SH,,97.79,205.56,209.67,191.03,233.3,5,live,,,
2026-02-24,bull,alpha_rs_pullback,002001.SZ,,98.98,28.82,29.4,27.61,31.12,5,live,,,
2026-02-24,bull,alpha_rs_pullback,300757.SZ,,98.52,428.94,437.52,390.95,501.46,5,live,,,
2026-02-25,bull,alpha_rs_pullback,600499.SH,,98.98,17.22,17.56,16.32,18.94,5,live,,,
2026-02-25,bull,alpha_rs_pullback,600522.SH,,98.85,24.93,25.43,23.32,27.42,5,live,,,
2026-02-26,bull,alpha_rs_pullback,600989.SH,,98.96,23.22,23.68,22.3,24.97,5,live,,,
2026-02-26,bull,alpha_rs_pullback,601233.SH,,98.93,23.92,24.4,22.56,26.31,5,live,,,
2026-02-27,bull,alpha_rs_pullback,002318.SZ,,98.67,33.19,33.85,31.77,35.89,5,live,,,
2026-02-27,bull,alpha_rs_pullback,000021.SZ,,98.63,34.2,34.88,32.51,37.43,5,live,,,
2026-03-02,bull,alpha_rs_pullback,300666.SZ,,97.88,157.53,160.68,147.24,177.18,5,live,,,
2026-03-02,bull,alpha_rs_pullback,002080.SZ,,97.36,50.55,51.56,47.45,55.61,5,live,,,
2026-03-11,choppy,alpha_rs_pullback,002008.SZ,,98.57,72.25,73.7,67.26,79.48,5,live,,,
2026-03-11,choppy,alpha_rs_pullback,000708.SZ,,98.3,17.01,17.35,16.36,18.25,5,live,,,
2026-04-10,choppy,alpha_rs_pullback,002648.SZ,,97.33,28.22,28.78,26.86,30.82,5,live,,,
2026-04-10,choppy,alpha_rs_pullback,600869.SH,,97.1,15.59,15.9,14.53,17.15,5,live,,,
2026-04-13,choppy,alpha_rs_pullback,600066.SH,,98.75,34.7,35.39,33.48,37.03,5,live,,,
2026-04-13,choppy,alpha_rs_pullback,688127.SH,,98.32,66.93,68.27,63.11,74.23,5,live,,,
2026-04-14,choppy,alpha_rs_pullback,600066.SH,,98.88,34.65,35.34,33.5,36.85,5,live,,,
2026-04-14,choppy,alpha_rs_pullback,000973.SZ,,98.75,18.87,19.25,17.57,20.76,5,live,,,
2026-04-15,choppy,alpha_rs_pullback,300757.SZ,,98.94,490.76,500.58,462.71,544.31,5,live,,,
2026-04-15,choppy,alpha_rs_pullback,603876.SH,,98.88,24.58,25.07,23.1,27.04,5,live,,,
2026-04-16,choppy,alpha_rs_pullback,301205.SZ,,98.61,264.71,270.0,247.16,298.21,5,live,,,
2026-04-16,choppy,alpha_rs_pullback,688072.SH,,97.85,402.67,410.72,380.55,444.91,5,live,,,
2026-04-17,choppy,alpha_rs_pullback,600777.SH,,98.0,5.86,5.98,5.66,6.25,5,live,,,
2026-04-17,choppy,alpha_rs_pullback,688372.SH,,97.1,151.89,154.93,144.17,166.63,5,live,,,
2026-04-20,choppy,alpha_rs_pullback,001309.SZ,,98.39,515.0,525.3,481.75,566.5,5,live,,,
2026-04-20,choppy,alpha_rs_pullback,300432.SZ,,98.19,25.59,26.1,24.15,28.33,5,live,,,
2026-04-21,choppy,alpha_rs_pullback,600869.SH,,98.93,15.61,15.92,14.7,17.17,5,live,,,
2026-04-21,choppy,alpha_rs_pullback,300054.SZ,,98.77,52.24,53.28,49.72,57.06,5,live,,,
2026-04-22,choppy,alpha_rs_pullback,688525.SH,,98.98,280.83,286.45,265.77,309.58,5,live,,,
2026-04-22,choppy,alpha_rs_pullback,002831.SZ,,98.64,26.72,27.25,25.34,29.36,5,live,,,
2026-04-23,choppy,alpha_rs_pullback,002850.SZ,,98.5,203.11,207.17,193.49,221.48,5,live,,,
2026-04-23,choppy,alpha_rs_pullback,688146.SH,,97.24,70.77,72.19,65.26,81.3,5,live,,,
2026-04-24,choppy,alpha_rs_pullback,605117.SH,,98.72,103.75,105.83,98.38,114.0,5,live,,,
2026-04-24,choppy,alpha_rs_pullback,600166.SH,,97.24,3.69,3.76,3.49,4.06,5,live,,,
2026-04-27,choppy,alpha_rs_pullback,003031.SZ,,98.61,126.51,129.04,118.76,139.16,5,live,,,
2026-04-27,choppy,alpha_rs_pullback,002353.SZ,,98.26,128.7,131.27,121.38,141.57,5,live,,,
2026-04-28,bull,alpha_rs_pullback,002240.SZ,,98.64,51.03,52.05,48.07,56.13,5,live,,,
2026-04-28,bull,alpha_rs_pullback,300390.SZ,,98.49,92.99,94.85,85.42,107.45,5,live,,,
2026-04-29,bull,alpha_rs_pullback,600166.SH,,98.04,3.7,3.77,3.49,4.07,5,live,,,
2026-04-29,bull,alpha_rs_pullback,000977.SZ,,97.96,72.24,73.68,68.54,79.3,5,live,,,
2026-04-30,bull,alpha_rs_pullback,002245.SZ,,98.91,13.9,14.18,13.36,14.94,5,live,,,
2026-04-30,bull,alpha_rs_pullback,001267.SZ,,98.09,53.91,54.99,49.99,59.3,5,live,,,
2026-05-06,bull,alpha_rs_pullback,603083.SH,,98.78,178.95,182.53,166.8,196.84,5,live,,,
2026-05-06,bull,alpha_rs_pullback,300870.SZ,,98.71,289.29,295.08,268.68,328.64,5,live,,,
2026-05-07,bull,alpha_rs_pullback,300661.SZ,,98.45,89.75,91.55,84.95,98.91,5,live,,,
2026-05-07,bull,alpha_rs_pullback,002916.SZ,,98.25,321.55,327.98,304.75,353.62,5,live,,,
2026-05-08,bull,alpha_rs_pullback,002636.SZ,,98.81,47.81,48.77,44.06,52.59,5,live,,,
2026-05-08,bull,alpha_rs_pullback,002371.SZ,,98.67,540.3,551.11,514.26,590.01,5,live,,,
2026-05-11,bull,alpha_rs_pullback,301219.SZ,,98.57,68.33,69.7,64.69,75.28,5,live,,,
2026-05-11,bull,alpha_rs_pullback,002364.SZ,,98.48,44.65,45.54,41.95,49.12,5,live,,,
2026-05-12,bull,alpha_rs_pullback,688525.SH,,97.48,308.78,314.96,292.37,340.12,5,live,,,
2026-05-12,bull,alpha_rs_pullback,688400.SH,,97.41,65.26,66.57,61.04,73.32,5,live,,,
2026-05-13,bull,alpha_rs_pullback,603256.SH,,98.84,146.16,149.08,136.06,160.78,5,live,,,
2026-05-13,bull,alpha_rs_pullback,688205.SH,,98.51,296.33,302.26,271.29,344.13,5,live,,,
2026-05-14,bull,alpha_rs_pullback,688390.SH,,98.78,116.8,119.14,109.35,131.03,5,live,,,
2026-05-14,bull,alpha_rs_pullback,002371.SZ,,98.27,563.89,575.17,534.29,620.28,5,live,,,
2026-05-15,bull,alpha_rs_pullback,600546.SH,,98.37,13.28,13.55,12.63,14.53,5,live,,,
2026-05-15,bull,alpha_rs_pullback,603306.SH,,97.48,107.6,109.75,100.55,118.36,5,live,,,
2026-05-18,bull,alpha_rs_pullback,603699.SH,,98.88,62.78,64.04,59.85,68.38,5,live,,,
2026-05-18,bull,alpha_rs_pullback,301536.SZ,,98.32,90.57,92.38,86.66,98.03,5,live,,,
2026-05-19,bull,alpha_rs_pullback,600816.SH,,98.84,3.14,3.2,2.99,3.43,5,live,,,
2026-05-19,bull,alpha_rs_pullback,603699.SH,,98.38,62.66,63.91,59.75,68.21,5,live,,,
2026-05-20,bull,alpha_rs_pullback,688800.SH,,98.85,100.2,102.2,92.18,115.51,5,live,,,
2026-05-20,bull,alpha_rs_pullback,002975.SZ,,98.6,119.08,121.46,111.84,130.99,5,live,,,
2026-05-21,choppy,alpha_rs_pullback,300209.SZ,,97.47,27.72,28.27,25.25,32.44,5,live,,,
2026-05-21,choppy,alpha_rs_pullback,002179.SZ,,96.43,40.25,41.05,38.36,43.85,5,live,,,
2026-05-22,choppy,alpha_rs_pullback,002821.SZ,,97.2,125.76,128.28,119.23,138.22,5,live,,,
2026-05-22,choppy,alpha_rs_pullback,002126.SZ,,97.08,58.99,60.17,55.57,64.89,5,live,,,
2026-05-25,bull,alpha_rs_pullback,600816.SH,,98.72,3.2,3.26,3.05,3.49,5,live,,,
2026-05-25,bull,alpha_rs_pullback,688390.SH,,98.43,142.59,145.44,132.69,161.48,5,live,,,
2026-05-26,bull,alpha_rs_pullback,300661.SZ,,98.03,116.66,118.99,108.72,131.82,5,live,,,
2026-05-26,bull,alpha_rs_pullback,002384.SZ,,97.18,221.2,225.62,204.67,243.32,5,live,,,
2026-05-27,bull,alpha_rs_pullback,301217.SZ,,98.7,101.92,103.96,91.64,121.54,5,live,,,
2026-05-27,bull,alpha_rs_pullback,603306.SH,,98.2,114.35,116.64,107.93,125.79,5,live,,,
2026-05-28,bull,alpha_rs_pullback,300661.SZ,,97.9,121.5,123.93,112.46,138.76,5,live,,,
2026-05-28,bull,alpha_rs_pullback,301200.SZ,,97.0,294.99,300.89,269.55,343.56,5,live,,,
2026-05-29,bull,alpha_rs_pullback,688146.SH,,98.44,174.56,178.05,156.7,208.66,5,live,,,
2026-05-29,bull,alpha_rs_pullback,300502.SZ,,96.98,503.95,514.03,471.66,565.59,5,live,,,
2026-06-01,choppy,alpha_rs_pullback,601991.SH,,96.75,8.37,8.54,7.55,9.21,5,live,,,
2026-06-01,choppy,alpha_rs_pullback,301511.SZ,,95.38,128.53,131.1,115.8,152.84,5,live,,,
2026-06-02,bull,alpha_rs_pullback,000027.SZ,,94.46,7.84,8.0,7.44,8.61,5,live,,,
2026-06-02,bull,alpha_rs_pullback,002353.SZ,,93.78,147.41,150.36,138.73,162.15,5,live,,,
2026-06-03,bull,alpha_rs_pullback,688700.SH,,98.43,86.74,88.47,78.97,101.57,5,live,,,
2026-06-03,bull,alpha_rs_pullback,600667.SH,,96.99,14.84,15.14,13.68,16.32,5,live,,,
2026-06-04,bull,alpha_rs_pullback,300502.SZ,,97.9,553.52,564.59,520.57,616.42,5,live,,,
2026-06-04,bull,alpha_rs_pullback,300757.SZ,,97.57,685.64,699.35,638.44,775.75,5,live,,,
2026-06-05,choppy,alpha_rs_pullback,601699.SH,,96.5,18.56,18.93,17.51,20.42,5,live,,,
2026-06-05,choppy,alpha_rs_pullback,600483.SH,,95.71,11.21,11.43,10.68,12.23,5,live,,,
2026-06-09,choppy,alpha_rs_pullback,688146.SH,,96.22,250.67,255.68,226.96,295.94,5,live,,,
2026-06-09,choppy,alpha_rs_pullback,600985.SH,,93.84,16.83,17.17,15.87,18.51,5,live,,,
2026-06-15,bull,alpha_rs_pullback,002371.SZ,,96.42,681.61,695.24,646.27,749.08,5,live,,,
2026-06-15,bull,alpha_rs_pullback,002422.SZ,,96.28,36.49,37.22,34.67,39.96,5,live,,,
2026-06-16,bull,alpha_rs_pullback,688777.SH,,98.62,109.45,111.64,99.3,128.82,5,live,,,
2026-06-16,bull,alpha_rs_pullback,001301.SZ,,98.28,66.71,68.04,62.11,73.38,5,live,,,
2026-06-17,bull,alpha_rs_pullback,600869.SH,,98.83,33.25,33.91,30.41,36.58,5,live,,,
2026-06-17,bull,alpha_rs_pullback,600114.SH,,98.27,43.24,44.1,40.06,47.56,5,live,,,
2026-06-18,bull,alpha_rs_pullback,301377.SZ,,98.96,600.0,612.0,549.73,695.97,5,live,,,
2026-06-18,bull,alpha_rs_pullback,600601.SH,,98.85,14.4,14.69,13.48,15.84,5,live,,,
2026-06-22,bull,alpha_rs_pullback,301200.SZ,,98.96,338.96,345.74,315.46,383.83,5,live,,,
2026-06-22,bull,alpha_rs_pullback,688347.SH,,98.92,280.0,285.6,255.53,326.72,5,live,,,
2026-06-23,bull,alpha_rs_pullback,002281.SZ,,98.56,266.9,272.24,249.74,293.59,5,live,,,
2026-06-23,bull,alpha_rs_pullback,300661.SZ,,97.88,137.16,139.9,128.42,153.85,5,live,,,
2026-06-24,bull,alpha_rs_pullback,002281.SZ,,98.92,266.36,271.69,249.57,293.0,5,live,,,
2026-06-24,bull,alpha_rs_pullback,003022.SZ,,98.64,27.37,27.92,25.63,30.11,5,live,,,
2026-06-25,bull,alpha_rs_pullback,688072.SH,,98.79,823.0,839.46,759.01,945.16,5,live,,,
2026-06-25,bull,alpha_rs_pullback,300620.SZ,,98.5,395.46,403.37,367.41,449.0,5,live,,,
2026-06-26,choppy,alpha_rs_pullback,688347.SH,,98.8,323.0,329.46,295.66,375.2,5,live,,,
2026-06-26,choppy,alpha_rs_pullback,300433.SZ,,97.7,55.11,56.21,50.4,64.09,5,live,,,
2026-06-29,bull,alpha_rs_pullback,000636.SZ,,98.83,80.15,81.75,73.92,88.17,5,live,,,
2026-06-29,bull,alpha_rs_pullback,688072.SH,,97.15,832.0,848.64,765.06,959.8,5,live,,,
2026-06-30,bull,alpha_rs_pullback,688549.SH,,98.7,36.81,37.55,32.12,44.17,5,live,,,
2026-06-30,bull,alpha_rs_pullback,688525.SH,,98.48,494.73,504.62,460.37,560.32,5,live,,,
2026-07-01,bull,alpha_rs_pullback,688072.SH,,97.15,832.0,848.64,765.06,959.8,5,live,,,
2026-07-01,bull,alpha_rs_pullback,002056.SZ,,97.07,30.76,31.38,28.34,33.84,5,live,,,
2026-07-09,choppy,alpha_rs_pullback,688072.SH,,97.15,832.0,848.64,765.06,959.8,5,live,,,
2026-07-09,choppy,alpha_rs_pullback,688629.SH,,95.6,209.68,213.87,192.88,241.75,5,live,,,
